sample_id,scenario,true_K,method,display_name,set_rmse,set_mae,k_hat,k_acc,k_abs_err,outlier_5deg
U1_clean_K1#0000,U1_clean_K1,1,FROST-DOA,FROST-DOA,0.0480942465558751,0.0480942465558751,1,1.0,0,0.0
U1_clean_K1#0001,U1_clean_K1,1,FROST-DOA,FROST-DOA,0.1498092015672742,0.1498092015672742,1,1.0,0,0.0
U1_clean_K1#0002,U1_clean_K1,1,FROST-DOA,FROST-DOA,0.1750597781059366,0.1750597781059366,1,1.0,0,0.0
U1_clean_K1#0003,U1_clean_K1,1,FROST-DOA,FROST-DOA,0.0225473742216646,0.0225473742216646,1,1.0,0,0.0
U1_clean_K1#0004,U1_clean_K1,1,FROST-DOA,FROST-DOA,0.003341357153836,0.003341357153836,1,1.0,0,0.0
U1_clean_K1#0005,U1_clean_K1,1,FROST-DOA,FROST-DOA,0.0410984653075132,0.0410984653075132,1,1.0,0,0.0
U1_clean_K1#0006,U1_clean_K1,1,FROST-DOA,FROST-DOA,0.0712955950212048,0.0712955950212048,1,1.0,0,0.0
U1_clean_K1#0007,U1_clean_K1,1,FROST-DOA,FROST-DOA,0.1094705016913053,0.1094705016913053,1,1.0,0,0.0
U1_clean_K1#0008,U1_clean_K1,1,FROST-DOA,FROST-DOA,0.0809992296046129,0.0809992296046129,1,1.0,0,0.0
U1_clean_K1#0009,U1_clean_K1,1,FROST-DOA,FROST-DOA,0.128108078875023,0.128108078875023,1,1.0,0,0.0
U1_clean_K1#0010,U1_clean_K1,1,FROST-DOA,FROST-DOA,0.0938611581739881,0.0938611581739881,1,1.0,0,0.0
U1_clean_K1#0011,U1_clean_K1,1,FROST-DOA,FROST-DOA,0.2608773336720134,0.2608773336720134,1,1.0,0,0.0
U1_clean_K1#0012,U1_clean_K1,1,FROST-DOA,FROST-DOA,0.3324815869609416,0.3324815869609416,1,1.0,0,0.0
U1_clean_K1#0013,U1_clean_K1,1,FROST-DOA,FROST-DOA,0.0036672499342937,0.0036672499342937,1,1.0,0,0.0
U1_clean_K1#0014,U1_clean_K1,1,FROST-DOA,FROST-DOA,0.0848880891136012,0.0848880891136012,1,1.0,0,0.0
U1_clean_K1#0015,U1_clean_K1,1,FROST-DOA,FROST-DOA,9.377534131260744e-05,9.377534131260744e-05,1,1.0,0,0.0
U1_clean_K1#0016,U1_clean_K1,1,FROST-DOA,FROST-DOA,0.0235563211586367,0.0235563211586367,1,1.0,0,0.0
U1_clean_K1#0017,U1_clean_K1,1,FROST-DOA,FROST-DOA,0.0577827436488931,0.0577827436488931,1,1.0,0,0.0
U1_clean_K1#0018,U1_clean_K1,1,FROST-DOA,FROST-DOA,0.0732049743764591,0.0732049743764591,1,1.0,0,0.0
U1_clean_K1#0019,U1_clean_K1,1,FROST-DOA,FROST-DOA,0.1325124172332952,0.1325124172332952,1,1.0,0,0.0
U1_clean_K1#0020,U1_clean_K1,1,FROST-DOA,FROST-DOA,0.1102834830778149,0.1102834830778149,1,1.0,0,0.0
U1_clean_K1#0021,U1_clean_K1,1,FROST-DOA,FROST-DOA,0.0046395918512445,0.0046395918512445,1,1.0,0,0.0
U1_clean_K1#0022,U1_clean_K1,1,FROST-DOA,FROST-DOA,0.0919725688933468,0.0919725688933468,1,1.0,0,0.0
U1_clean_K1#0023,U1_clean_K1,1,FROST-DOA,FROST-DOA,0.0364226979014361,0.0364226979014361,1,1.0,0,0.0
U1_clean_K1#0024,U1_clean_K1,1,FROST-DOA,FROST-DOA,0.083707670446941,0.083707670446941,1,1.0,0,0.0
U1_clean_K1#0025,U1_clean_K1,1,FROST-DOA,FROST-DOA,0.1315299709157642,0.1315299709157642,1,1.0,0,0.0
U1_clean_K1#0026,U1_clean_K1,1,FROST-DOA,FROST-DOA,0.1132391313669245,0.1132391313669245,1,1.0,0,0.0
U1_clean_K1#0027,U1_clean_K1,1,FROST-DOA,FROST-DOA,0.0053206312653024,0.0053206312653024,1,1.0,0,0.0
U1_clean_K1#0028,U1_clean_K1,1,FROST-DOA,FROST-DOA,0.0918182258329972,0.0918182258329972,1,1.0,0,0.0
U1_clean_K1#0029,U1_clean_K1,1,FROST-DOA,FROST-DOA,0.0867777359996111,0.0867777359996111,1,1.0,0,0.0
U1_clean_K1#0030,U1_clean_K1,1,FROST-DOA,FROST-DOA,0.052578395578358,0.052578395578358,1,1.0,0,0.0
U1_clean_K1#0031,U1_clean_K1,1,FROST-DOA,FROST-DOA,0.0349156429781558,0.0349156429781558,1,1.0,0,0.0
U1_clean_K1#0032,U1_clean_K1,1,FROST-DOA,FROST-DOA,0.0395762670955655,0.0395762670955655,1,1.0,0,0.0
U1_clean_K1#0033,U1_clean_K1,1,FROST-DOA,FROST-DOA,0.03658414277416,0.03658414277416,1,1.0,0,0.0
U1_clean_K1#0034,U1_clean_K1,1,FROST-DOA,FROST-DOA,0.0746115886890663,0.0746115886890663,1,1.0,0,0.0
U1_clean_K1#0035,U1_clean_K1,1,FROST-DOA,FROST-DOA,0.0699798674058431,0.0699798674058431,1,1.0,0,0.0
U1_clean_K1#0036,U1_clean_K1,1,FROST-DOA,FROST-DOA,0.0525969360071982,0.0525969360071982,1,1.0,0,0.0
U1_clean_K1#0037,U1_clean_K1,1,FROST-DOA,FROST-DOA,0.1246524038918295,0.1246524038918295,1,1.0,0,0.0
U1_clean_K1#0038,U1_clean_K1,1,FROST-DOA,FROST-DOA,0.0589431204310173,0.0589431204310173,1,1.0,0,0.0
U1_clean_K1#0039,U1_clean_K1,1,FROST-DOA,FROST-DOA,0.0275585483582787,0.0275585483582787,1,1.0,0,0.0
U1_clean_K1#0040,U1_clean_K1,1,FROST-DOA,FROST-DOA,0.0900069927549758,0.0900069927549758,1,1.0,0,0.0
U1_clean_K1#0041,U1_clean_K1,1,FROST-DOA,FROST-DOA,0.2227787329355806,0.2227787329355806,1,1.0,0,0.0
U1_clean_K1#0042,U1_clean_K1,1,FROST-DOA,FROST-DOA,0.2699141197584715,0.2699141197584715,1,1.0,0,0.0
U1_clean_K1#0043,U1_clean_K1,1,FROST-DOA,FROST-DOA,0.1580624116776547,0.1580624116776547,1,1.0,0,0.0
U1_clean_K1#0044,U1_clean_K1,1,FROST-DOA,FROST-DOA,0.0197758366894298,0.0197758366894298,1,1.0,0,0.0
U1_clean_K1#0045,U1_clean_K1,1,FROST-DOA,FROST-DOA,0.0525777994072171,0.0525777994072171,1,1.0,0,0.0
U1_clean_K1#0046,U1_clean_K1,1,FROST-DOA,FROST-DOA,0.127322999605596,0.127322999605596,1,1.0,0,0.0
U1_clean_K1#0047,U1_clean_K1,1,FROST-DOA,FROST-DOA,0.1570583933783957,0.1570583933783957,1,1.0,0,0.0
U1_clean_K1#0048,U1_clean_K1,1,FROST-DOA,FROST-DOA,2.0354484654205866e-05,2.0354484654205866e-05,1,1.0,0,0.0
U1_clean_K1#0049,U1_clean_K1,1,FROST-DOA,FROST-DOA,0.0832157935266657,0.0832157935266657,1,1.0,0,0.0
U1_clean_K1#0050,U1_clean_K1,1,FROST-DOA,FROST-DOA,0.0057661836927751,0.0057661836927751,1,1.0,0,0.0
U1_clean_K1#0051,U1_clean_K1,1,FROST-DOA,FROST-DOA,0.1882654601956943,0.1882654601956943,1,1.0,0,0.0
U1_clean_K1#0052,U1_clean_K1,1,FROST-DOA,FROST-DOA,0.0350480563963557,0.0350480563963557,1,1.0,0,0.0
U1_clean_K1#0053,U1_clean_K1,1,FROST-DOA,FROST-DOA,0.105224555496294,0.105224555496294,1,1.0,0,0.0
U1_clean_K1#0054,U1_clean_K1,1,FROST-DOA,FROST-DOA,0.041231120591533,0.041231120591533,1,1.0,0,0.0
U1_clean_K1#0055,U1_clean_K1,1,FROST-DOA,FROST-DOA,0.142614681832498,0.142614681832498,1,1.0,0,0.0
U1_clean_K1#0056,U1_clean_K1,1,FROST-DOA,FROST-DOA,0.138078111790719,0.138078111790719,1,1.0,0,0.0
U1_clean_K1#0057,U1_clean_K1,1,FROST-DOA,FROST-DOA,0.098007342299647,0.098007342299647,1,1.0,0,0.0
U1_clean_K1#0058,U1_clean_K1,1,FROST-DOA,FROST-DOA,0.1293459998426378,0.1293459998426378,1,1.0,0,0.0
U1_clean_K1#0059,U1_clean_K1,1,FROST-DOA,FROST-DOA,0.0106621684558447,0.0106621684558447,1,1.0,0,0.0
U1_clean_K1#0060,U1_clean_K1,1,FROST-DOA,FROST-DOA,0.2087240932162188,0.2087240932162188,1,1.0,0,0.0
U1_clean_K1#0061,U1_clean_K1,1,FROST-DOA,FROST-DOA,0.0579811613412157,0.0579811613412157,1,1.0,0,0.0
U1_clean_K1#0062,U1_clean_K1,1,FROST-DOA,FROST-DOA,0.0832225145469323,0.0832225145469323,1,1.0,0,0.0
U1_clean_K1#0063,U1_clean_K1,1,FROST-DOA,FROST-DOA,0.1200024032693356,0.1200024032693356,1,1.0,0,0.0
U1_clean_K1#0064,U1_clean_K1,1,FROST-DOA,FROST-DOA,0.1636086176854476,0.1636086176854476,1,1.0,0,0.0
U1_clean_K1#0065,U1_clean_K1,1,FROST-DOA,FROST-DOA,0.1487392394674387,0.1487392394674387,1,1.0,0,0.0
U1_clean_K1#0066,U1_clean_K1,1,FROST-DOA,FROST-DOA,0.0245539208496143,0.0245539208496143,1,1.0,0,0.0
U1_clean_K1#0067,U1_clean_K1,1,FROST-DOA,FROST-DOA,0.1438444585928611,0.1438444585928611,1,1.0,0,0.0
U1_clean_K1#0068,U1_clean_K1,1,FROST-DOA,FROST-DOA,0.0326797136429988,0.0326797136429988,1,1.0,0,0.0
U1_clean_K1#0069,U1_clean_K1,1,FROST-DOA,FROST-DOA,0.1424482859704952,0.1424482859704952,1,1.0,0,0.0
U1_clean_K1#0070,U1_clean_K1,1,FROST-DOA,FROST-DOA,0.3481693192356979,0.3481693192356979,1,1.0,0,0.0
U1_clean_K1#0071,U1_clean_K1,1,FROST-DOA,FROST-DOA,0.1365025063504674,0.1365025063504674,1,1.0,0,0.0
U1_clean_K1#0072,U1_clean_K1,1,FROST-DOA,FROST-DOA,0.2228914180984773,0.2228914180984773,1,1.0,0,0.0
U1_clean_K1#0073,U1_clean_K1,1,FROST-DOA,FROST-DOA,0.0899804653971401,0.0899804653971401,1,1.0,0,0.0
U1_clean_K1#0074,U1_clean_K1,1,FROST-DOA,FROST-DOA,0.1220898197105953,0.1220898197105953,1,1.0,0,0.0
U1_clean_K1#0075,U1_clean_K1,1,FROST-DOA,FROST-DOA,0.0573913495122813,0.0573913495122813,1,1.0,0,0.0
U1_clean_K1#0076,U1_clean_K1,1,FROST-DOA,FROST-DOA,0.0832721106704639,0.0832721106704639,1,1.0,0,0.0
U1_clean_K1#0077,U1_clean_K1,1,FROST-DOA,FROST-DOA,0.128137693621845,0.128137693621845,1,1.0,0,0.0
U1_clean_K1#0078,U1_clean_K1,1,FROST-DOA,FROST-DOA,0.0667487181891957,0.0667487181891957,1,1.0,0,0.0
U1_clean_K1#0079,U1_clean_K1,1,FROST-DOA,FROST-DOA,0.0708285511047108,0.0708285511047108,1,1.0,0,0.0
U1_clean_K1#0080,U1_clean_K1,1,FROST-DOA,FROST-DOA,0.275079041846844,0.275079041846844,1,1.0,0,0.0
U1_clean_K1#0081,U1_clean_K1,1,FROST-DOA,FROST-DOA,0.2010039166666029,0.2010039166666029,1,1.0,0,0.0
U1_clean_K1#0082,U1_clean_K1,1,FROST-DOA,FROST-DOA,0.0721100866536303,0.0721100866536303,1,1.0,0,0.0
U1_clean_K1#0083,U1_clean_K1,1,FROST-DOA,FROST-DOA,0.243683640477851,0.243683640477851,1,1.0,0,0.0
U1_clean_K1#0084,U1_clean_K1,1,FROST-DOA,FROST-DOA,0.0792163447094012,0.0792163447094012,1,1.0,0,0.0
U1_clean_K1#0085,U1_clean_K1,1,FROST-DOA,FROST-DOA,0.2356563002337406,0.2356563002337406,1,1.0,0,0.0
U1_clean_K1#0086,U1_clean_K1,1,FROST-DOA,FROST-DOA,0.3389772581042436,0.3389772581042436,1,1.0,0,0.0
U1_clean_K1#0087,U1_clean_K1,1,FROST-DOA,FROST-DOA,0.1684992961791849,0.1684992961791849,1,1.0,0,0.0
U1_clean_K1#0088,U1_clean_K1,1,FROST-DOA,FROST-DOA,0.075939495464496,0.075939495464496,1,1.0,0,0.0
U1_clean_K1#0089,U1_clean_K1,1,FROST-DOA,FROST-DOA,0.1892368388589105,0.1892368388589105,1,1.0,0,0.0
U1_clean_K1#0090,U1_clean_K1,1,FROST-DOA,FROST-DOA,0.1673379138453015,0.1673379138453015,1,1.0,0,0.0
U1_clean_K1#0091,U1_clean_K1,1,FROST-DOA,FROST-DOA,0.034758173333639,0.034758173333639,1,1.0,0,0.0
U1_clean_K1#0092,U1_clean_K1,1,FROST-DOA,FROST-DOA,0.0752053593774562,0.0752053593774562,1,1.0,0,0.0
U1_clean_K1#0093,U1_clean_K1,1,FROST-DOA,FROST-DOA,0.0297112304092657,0.0297112304092657,1,1.0,0,0.0
U1_clean_K1#0094,U1_clean_K1,1,FROST-DOA,FROST-DOA,0.0734802122996676,0.0734802122996676,1,1.0,0,0.0
U1_clean_K1#0095,U1_clean_K1,1,FROST-DOA,FROST-DOA,0.1007689285141388,0.1007689285141388,1,1.0,0,0.0
U1_clean_K1#0096,U1_clean_K1,1,FROST-DOA,FROST-DOA,0.1883943988203853,0.1883943988203853,1,1.0,0,0.0
U1_clean_K1#0097,U1_clean_K1,1,FROST-DOA,FROST-DOA,0.024974192485395,0.024974192485395,1,1.0,0,0.0
U1_clean_K1#0098,U1_clean_K1,1,FROST-DOA,FROST-DOA,0.1272510211502344,0.1272510211502344,1,1.0,0,0.0
U1_clean_K1#0099,U1_clean_K1,1,FROST-DOA,FROST-DOA,0.1147526239312597,0.1147526239312597,1,1.0,0,0.0
U2_clean_K2#0000,U2_clean_K2,2,FROST-DOA,FROST-DOA,0.0402511239713219,0.035436515009195,2,1.0,0,0.0
U2_clean_K2#0001,U2_clean_K2,2,FROST-DOA,FROST-DOA,0.1731557583549582,0.1371731393638562,2,1.0,0,0.0
U2_clean_K2#0002,U2_clean_K2,2,FROST-DOA,FROST-DOA,0.2816583670271733,0.2816556827407677,2,1.0,0,0.0
U2_clean_K2#0003,U2_clean_K2,2,FROST-DOA,FROST-DOA,0.1779616972940923,0.1769389124212423,2,1.0,0,0.0
U2_clean_K2#0004,U2_clean_K2,2,FROST-DOA,FROST-DOA,0.2873382113018254,0.2869773439962362,2,1.0,0,0.0
U2_clean_K2#0005,U2_clean_K2,2,FROST-DOA,FROST-DOA,0.5354612974365176,0.4010102518314991,2,1.0,0,0.0
U2_clean_K2#0006,U2_clean_K2,2,FROST-DOA,FROST-DOA,0.2489627479009601,0.2422189539037162,2,1.0,0,0.0
U2_clean_K2#0007,U2_clean_K2,2,FROST-DOA,FROST-DOA,0.3893709245708338,0.353923514541453,2,1.0,0,0.0
U2_clean_K2#0008,U2_clean_K2,2,FROST-DOA,FROST-DOA,0.0708106282522427,0.0522517639586803,2,1.0,0,0.0
U2_clean_K2#0009,U2_clean_K2,2,FROST-DOA,FROST-DOA,0.1278514283970816,0.0955700685477043,2,1.0,0,0.0
U2_clean_K2#0010,U2_clean_K2,2,FROST-DOA,FROST-DOA,0.130099431192135,0.1145639517423386,2,1.0,0,0.0
U2_clean_K2#0011,U2_clean_K2,2,FROST-DOA,FROST-DOA,0.0434315744570064,0.0364097275411472,2,1.0,0,0.0
U2_clean_K2#0012,U2_clean_K2,2,FROST-DOA,FROST-DOA,0.1464282866183257,0.1121821566446836,2,1.0,0,0.0
U2_clean_K2#0013,U2_clean_K2,2,FROST-DOA,FROST-DOA,0.1212246261706044,0.0869284085304187,2,1.0,0,0.0
U2_clean_K2#0014,U2_clean_K2,2,FROST-DOA,FROST-DOA,0.2447783777609558,0.184729846161415,2,1.0,0,0.0
U2_clean_K2#0015,U2_clean_K2,2,FROST-DOA,FROST-DOA,0.379274438277233,0.2937060629894645,2,1.0,0,0.0
U2_clean_K2#0016,U2_clean_K2,2,FROST-DOA,FROST-DOA,0.230946894182732,0.2245963481957158,2,1.0,0,0.0
U2_clean_K2#0017,U2_clean_K2,2,FROST-DOA,FROST-DOA,0.1357967602561331,0.1357759499322952,2,1.0,0,0.0
U2_clean_K2#0018,U2_clean_K2,2,FROST-DOA,FROST-DOA,0.4160743750496974,0.4095636159881355,2,1.0,0,0.0
U2_clean_K2#0019,U2_clean_K2,2,FROST-DOA,FROST-DOA,0.1569297041061084,0.1188197567495101,2,1.0,0,0.0
U2_clean_K2#0020,U2_clean_K2,2,FROST-DOA,FROST-DOA,0.1753330324701116,0.1579344149415043,2,1.0,0,0.0
U2_clean_K2#0021,U2_clean_K2,2,FROST-DOA,FROST-DOA,0.1419773202798764,0.1332874948216194,2,1.0,0,0.0
U2_clean_K2#0022,U2_clean_K2,2,FROST-DOA,FROST-DOA,0.1302858252681411,0.101384633144808,2,1.0,0,0.0
U2_clean_K2#0023,U2_clean_K2,2,FROST-DOA,FROST-DOA,0.320746037567556,0.2701196610795477,2,1.0,0,0.0
U2_clean_K2#0024,U2_clean_K2,2,FROST-DOA,FROST-DOA,0.1791753736851963,0.1769107845820303,2,1.0,0,0.0
U2_clean_K2#0025,U2_clean_K2,2,FROST-DOA,FROST-DOA,0.125530095084567,0.1021812797261203,2,1.0,0,0.0
U2_clean_K2#0026,U2_clean_K2,2,FROST-DOA,FROST-DOA,0.4625524571286105,0.4413629355680051,2,1.0,0,0.0
U2_clean_K2#0027,U2_clean_K2,2,FROST-DOA,FROST-DOA,0.7346005111097852,0.598828852958114,2,1.0,0,0.0
U2_clean_K2#0028,U2_clean_K2,2,FROST-DOA,FROST-DOA,0.0640791092968628,0.062675737266669,2,1.0,0,0.0
U2_clean_K2#0029,U2_clean_K2,2,FROST-DOA,FROST-DOA,0.1804842843454829,0.1287662879276254,2,1.0,0,0.0
U2_clean_K2#0030,U2_clean_K2,2,FROST-DOA,FROST-DOA,0.3340732212751841,0.3068900429170207,2,1.0,0,0.0
U2_clean_K2#0031,U2_clean_K2,2,FROST-DOA,FROST-DOA,0.0757431434746874,0.0751680697647962,2,1.0,0,0.0
U2_clean_K2#0032,U2_clean_K2,2,FROST-DOA,FROST-DOA,0.1887436597663774,0.1853027378003222,2,1.0,0,0.0
U2_clean_K2#0033,U2_clean_K2,2,FROST-DOA,FROST-DOA,0.0449834150916771,0.0449761201094127,2,1.0,0,0.0
U2_clean_K2#0034,U2_clean_K2,2,FROST-DOA,FROST-DOA,0.2662525476562115,0.2643424886133543,2,1.0,0,0.0
U2_clean_K2#0035,U2_clean_K2,2,FROST-DOA,FROST-DOA,0.1559530515584035,0.1514797005659076,2,1.0,0,0.0
U2_clean_K2#0036,U2_clean_K2,2,FROST-DOA,FROST-DOA,0.1567759681453492,0.1259844795309517,2,1.0,0,0.0
U2_clean_K2#0037,U2_clean_K2,2,FROST-DOA,FROST-DOA,0.1053365540235989,0.0980935518628847,2,1.0,0,0.0
U2_clean_K2#0038,U2_clean_K2,2,FROST-DOA,FROST-DOA,0.27318952267078,0.2081304809955497,2,1.0,0,0.0
U2_clean_K2#0039,U2_clean_K2,2,FROST-DOA,FROST-DOA,0.1809471165342824,0.1775447999270785,2,1.0,0,0.0
U2_clean_K2#0040,U2_clean_K2,2,FROST-DOA,FROST-DOA,0.0450604201380509,0.0341496440617596,2,1.0,0,0.0
U2_clean_K2#0041,U2_clean_K2,2,FROST-DOA,FROST-DOA,0.0578694875618013,0.043989522262068,2,1.0,0,0.0
U2_clean_K2#0042,U2_clean_K2,2,FROST-DOA,FROST-DOA,0.2875661789938388,0.2871592551846653,2,1.0,0,0.0
U2_clean_K2#0043,U2_clean_K2,2,FROST-DOA,FROST-DOA,0.0842653569963955,0.0688401004491856,2,1.0,0,0.0
U2_clean_K2#0044,U2_clean_K2,2,FROST-DOA,FROST-DOA,0.2153302869647598,0.2064288446781867,2,1.0,0,0.0
U2_clean_K2#0045,U2_clean_K2,2,FROST-DOA,FROST-DOA,0.1020808710211739,0.1018541963959727,2,1.0,0,0.0
U2_clean_K2#0046,U2_clean_K2,2,FROST-DOA,FROST-DOA,0.1771873502389289,0.1400235431179624,2,1.0,0,0.0
U2_clean_K2#0047,U2_clean_K2,2,FROST-DOA,FROST-DOA,0.4007484801250451,0.3008405583094245,2,1.0,0,0.0
U2_clean_K2#0048,U2_clean_K2,2,FROST-DOA,FROST-DOA,0.1401972992674975,0.1289347016456714,2,1.0,0,0.0
U2_clean_K2#0049,U2_clean_K2,2,FROST-DOA,FROST-DOA,0.1781844918986007,0.1435383804607841,2,1.0,0,0.0
U2_clean_K2#0050,U2_clean_K2,2,FROST-DOA,FROST-DOA,0.8799859374898384,0.7596716100657375,2,1.0,0,0.0
U2_clean_K2#0051,U2_clean_K2,2,FROST-DOA,FROST-DOA,0.2707562642079116,0.2689071176599285,2,1.0,0,0.0
U2_clean_K2#0052,U2_clean_K2,2,FROST-DOA,FROST-DOA,0.2618120070687891,0.2063743296376881,2,1.0,0,0.0
U2_clean_K2#0053,U2_clean_K2,2,FROST-DOA,FROST-DOA,0.2798776426276592,0.2779215223985876,2,1.0,0,0.0
U2_clean_K2#0054,U2_clean_K2,2,FROST-DOA,FROST-DOA,0.1441534494001053,0.1183615987400026,2,1.0,0,0.0
U2_clean_K2#0055,U2_clean_K2,2,FROST-DOA,FROST-DOA,0.423181174126751,0.3028879843818366,2,1.0,0,0.0
U2_clean_K2#0056,U2_clean_K2,2,FROST-DOA,FROST-DOA,0.101444237278038,0.0984219714127503,2,1.0,0,0.0
U2_clean_K2#0057,U2_clean_K2,2,FROST-DOA,FROST-DOA,0.1249020857784802,0.123097966192647,2,1.0,0,0.0
U2_clean_K2#0058,U2_clean_K2,2,FROST-DOA,FROST-DOA,0.2737896700511223,0.270344938742999,2,1.0,0,0.0
U2_clean_K2#0059,U2_clean_K2,2,FROST-DOA,FROST-DOA,0.690677121300696,0.6283507383232063,2,1.0,0,0.0
U2_clean_K2#0060,U2_clean_K2,2,FROST-DOA,FROST-DOA,0.1886837875368132,0.1337965543750954,2,1.0,0,0.0
U2_clean_K2#0061,U2_clean_K2,2,FROST-DOA,FROST-DOA,0.116067189666221,0.1100490352389484,2,1.0,0,0.0
U2_clean_K2#0062,U2_clean_K2,2,FROST-DOA,FROST-DOA,0.3759294034765514,0.3752773209280775,2,1.0,0,0.0
U2_clean_K2#0063,U2_clean_K2,2,FROST-DOA,FROST-DOA,0.4352828357771697,0.4302569653835846,2,1.0,0,0.0
U2_clean_K2#0064,U2_clean_K2,2,FROST-DOA,FROST-DOA,0.1650594416900342,0.1451432735644129,2,1.0,0,0.0
U2_clean_K2#0065,U2_clean_K2,2,FROST-DOA,FROST-DOA,0.081643582645397,0.0729106467800644,2,1.0,0,0.0
U2_clean_K2#0066,U2_clean_K2,2,FROST-DOA,FROST-DOA,0.6518299337306179,0.6392960038939961,2,1.0,0,0.0
U2_clean_K2#0067,U2_clean_K2,2,FROST-DOA,FROST-DOA,0.3463170079233356,0.3460142029029214,2,1.0,0,0.0
U2_clean_K2#0068,U2_clean_K2,2,FROST-DOA,FROST-DOA,0.1616987688342623,0.1436959838087581,2,1.0,0,0.0
U2_clean_K2#0069,U2_clean_K2,2,FROST-DOA,FROST-DOA,0.0637289052213493,0.049119119012106,2,1.0,0,0.0
U2_clean_K2#0070,U2_clean_K2,2,FROST-DOA,FROST-DOA,0.093877353072023,0.0771512170977599,2,1.0,0,0.0
U2_clean_K2#0071,U2_clean_K2,2,FROST-DOA,FROST-DOA,0.1476570370539033,0.12291521640725,2,1.0,0,0.0
U2_clean_K2#0072,U2_clean_K2,2,FROST-DOA,FROST-DOA,0.6014746056335832,0.5719858137091016,2,1.0,0,0.0
U2_clean_K2#0073,U2_clean_K2,2,FROST-DOA,FROST-DOA,0.1373796309407458,0.1111492032641585,2,1.0,0,0.0
U2_clean_K2#0074,U2_clean_K2,2,FROST-DOA,FROST-DOA,0.1482680500326646,0.1482668146512047,2,1.0,0,0.0
U2_clean_K2#0075,U2_clean_K2,2,FROST-DOA,FROST-DOA,0.4057126935760946,0.4050922792141112,2,1.0,0,0.0
U2_clean_K2#0076,U2_clean_K2,2,FROST-DOA,FROST-DOA,0.09293368455512,0.0701323012965904,2,1.0,0,0.0
U2_clean_K2#0077,U2_clean_K2,2,FROST-DOA,FROST-DOA,0.3925422904311809,0.3594168156454174,2,1.0,0,0.0
U2_clean_K2#0078,U2_clean_K2,2,FROST-DOA,FROST-DOA,0.1703180549007224,0.1506647564558996,2,1.0,0,0.0
U2_clean_K2#0079,U2_clean_K2,2,FROST-DOA,FROST-DOA,0.2812409995911788,0.2218968122417379,2,1.0,0,0.0
U2_clean_K2#0080,U2_clean_K2,2,FROST-DOA,FROST-DOA,0.053141773027815,0.039411070160269,2,1.0,0,0.0
U2_clean_K2#0081,U2_clean_K2,2,FROST-DOA,FROST-DOA,0.0298728161834768,0.0245385898183769,2,1.0,0,0.0
U2_clean_K2#0082,U2_clean_K2,2,FROST-DOA,FROST-DOA,0.119980330839443,0.1100271475309226,2,1.0,0,0.0
U2_clean_K2#0083,U2_clean_K2,2,FROST-DOA,FROST-DOA,0.2140608320256858,0.1961663290047592,2,1.0,0,0.0
U2_clean_K2#0084,U2_clean_K2,2,FROST-DOA,FROST-DOA,0.0693646955054259,0.0627294055964462,2,1.0,0,0.0
U2_clean_K2#0085,U2_clean_K2,2,FROST-DOA,FROST-DOA,0.1729615212457245,0.1326502937017517,2,1.0,0,0.0
U2_clean_K2#0086,U2_clean_K2,2,FROST-DOA,FROST-DOA,0.2523025769542163,0.250815516187429,2,1.0,0,0.0
U2_clean_K2#0087,U2_clean_K2,2,FROST-DOA,FROST-DOA,0.1523606650874195,0.1480170566921561,2,1.0,0,0.0
U2_clean_K2#0088,U2_clean_K2,2,FROST-DOA,FROST-DOA,0.1046772124910573,0.0802196578305766,2,1.0,0,0.0
U2_clean_K2#0089,U2_clean_K2,2,FROST-DOA,FROST-DOA,0.1885183450111195,0.1540348323701348,2,1.0,0,0.0
U2_clean_K2#0090,U2_clean_K2,2,FROST-DOA,FROST-DOA,0.8454876915094237,0.7896181388976196,2,1.0,0,0.0
U2_clean_K2#0091,U2_clean_K2,2,FROST-DOA,FROST-DOA,0.1484349760507295,0.1384727113858392,2,1.0,0,0.0
U2_clean_K2#0092,U2_clean_K2,2,FROST-DOA,FROST-DOA,0.0512129911000778,0.0493092272616317,2,1.0,0,0.0
U2_clean_K2#0093,U2_clean_K2,2,FROST-DOA,FROST-DOA,0.0602832931137701,0.0596053616510063,2,1.0,0,0.0
U2_clean_K2#0094,U2_clean_K2,2,FROST-DOA,FROST-DOA,0.2981873632601552,0.2541234740936873,2,1.0,0,0.0
U2_clean_K2#0095,U2_clean_K2,2,FROST-DOA,FROST-DOA,0.0998165392237673,0.0754001085160167,2,1.0,0,0.0
U2_clean_K2#0096,U2_clean_K2,2,FROST-DOA,FROST-DOA,0.2067569631267024,0.1491020558464502,2,1.0,0,0.0
U2_clean_K2#0097,U2_clean_K2,2,FROST-DOA,FROST-DOA,0.2489505023707292,0.2118945522976814,2,1.0,0,0.0
U2_clean_K2#0098,U2_clean_K2,2,FROST-DOA,FROST-DOA,0.3303727963794015,0.2437103207955067,2,1.0,0,0.0
U2_clean_K2#0099,U2_clean_K2,2,FROST-DOA,FROST-DOA,0.1171161454323584,0.1069239861227431,2,1.0,0,0.0
U3_clean_K3#0000,U3_clean_K3,3,FROST-DOA,FROST-DOA,0.3709500296120813,0.3534746607439262,3,1.0,0,0.0
U3_clean_K3#0001,U3_clean_K3,3,FROST-DOA,FROST-DOA,0.2708898916494697,0.2344382954889277,3,1.0,0,0.0
U3_clean_K3#0002,U3_clean_K3,3,FROST-DOA,FROST-DOA,0.1605816892471318,0.134548594455507,3,1.0,0,0.0
U3_clean_K3#0003,U3_clean_K3,3,FROST-DOA,FROST-DOA,0.2752803851755799,0.2043729356433762,3,1.0,0,0.0
U3_clean_K3#0004,U3_clean_K3,3,FROST-DOA,FROST-DOA,0.4954662103134927,0.4831849199212996,3,1.0,0,0.0
U3_clean_K3#0005,U3_clean_K3,3,FROST-DOA,FROST-DOA,0.1957315113555891,0.1756493598220589,3,1.0,0,0.0
U3_clean_K3#0006,U3_clean_K3,3,FROST-DOA,FROST-DOA,0.7826159666315599,0.7635055520396984,3,1.0,0,0.0
U3_clean_K3#0007,U3_clean_K3,3,FROST-DOA,FROST-DOA,0.4476766250608158,0.3417290545061142,3,1.0,0,0.0
U3_clean_K3#0008,U3_clean_K3,3,FROST-DOA,FROST-DOA,0.4508040466951308,0.4460716744257122,3,1.0,0,0.0
U3_clean_K3#0009,U3_clean_K3,3,FROST-DOA,FROST-DOA,0.1850205699796307,0.1747916553609047,3,1.0,0,0.0
U3_clean_K3#0010,U3_clean_K3,3,FROST-DOA,FROST-DOA,0.3233302412622134,0.2252213919092499,3,1.0,0,0.0
U3_clean_K3#0011,U3_clean_K3,3,FROST-DOA,FROST-DOA,0.8052905884118912,0.7953633927115101,3,1.0,0,0.0
U3_clean_K3#0012,U3_clean_K3,3,FROST-DOA,FROST-DOA,0.3081829027129111,0.2495311707374246,3,1.0,0,0.0
U3_clean_K3#0013,U3_clean_K3,3,FROST-DOA,FROST-DOA,0.7759743867830197,0.6960586683278885,3,1.0,0,0.0
U3_clean_K3#0014,U3_clean_K3,3,FROST-DOA,FROST-DOA,0.4541211095850518,0.3829846846081552,3,1.0,0,0.0
U3_clean_K3#0015,U3_clean_K3,3,FROST-DOA,FROST-DOA,0.3439661495329482,0.3152415517668343,3,1.0,0,0.0
U3_clean_K3#0016,U3_clean_K3,3,FROST-DOA,FROST-DOA,0.3617583979223836,0.322858904932758,3,1.0,0,0.0
U3_clean_K3#0017,U3_clean_K3,3,FROST-DOA,FROST-DOA,0.1488449891477745,0.1233088131739229,3,1.0,0,0.0
U3_clean_K3#0018,U3_clean_K3,3,FROST-DOA,FROST-DOA,0.2668582871438122,0.252960032368815,3,1.0,0,0.0
U3_clean_K3#0019,U3_clean_K3,3,FROST-DOA,FROST-DOA,0.2217417420329001,0.2149075563163739,3,1.0,0,0.0
U3_clean_K3#0020,U3_clean_K3,3,FROST-DOA,FROST-DOA,0.2137502892584868,0.1781428263155252,3,1.0,0,0.0
U3_clean_K3#0021,U3_clean_K3,3,FROST-DOA,FROST-DOA,0.4036176649593307,0.3648385934260242,3,1.0,0,0.0
U3_clean_K3#0022,U3_clean_K3,3,FROST-DOA,FROST-DOA,0.5405167690154513,0.4526514011094485,3,1.0,0,0.0
U3_clean_K3#0023,U3_clean_K3,3,FROST-DOA,FROST-DOA,1.4676023846602508,1.2524186719687538,3,1.0,0,0.0
U3_clean_K3#0024,U3_clean_K3,3,FROST-DOA,FROST-DOA,0.1342000819656421,0.1061117389061091,3,1.0,0,0.0
U3_clean_K3#0025,U3_clean_K3,3,FROST-DOA,FROST-DOA,0.2451944968763649,0.2123921373902252,3,1.0,0,0.0
U3_clean_K3#0026,U3_clean_K3,3,FROST-DOA,FROST-DOA,0.183595875563238,0.1301801545835808,3,1.0,0,0.0
U3_clean_K3#0027,U3_clean_K3,3,FROST-DOA,FROST-DOA,0.1623040318656724,0.13947924947769,3,1.0,0,0.0
U3_clean_K3#0028,U3_clean_K3,3,FROST-DOA,FROST-DOA,0.2633465240943242,0.2355743297336093,3,1.0,0,0.0
U3_clean_K3#0029,U3_clean_K3,3,FROST-DOA,FROST-DOA,0.3462710860187555,0.2834646816507487,3,1.0,0,0.0
U3_clean_K3#0030,U3_clean_K3,3,FROST-DOA,FROST-DOA,0.0831148508246713,0.0708192681544469,3,1.0,0,0.0
U3_clean_K3#0031,U3_clean_K3,3,FROST-DOA,FROST-DOA,0.5096161417554201,0.4859611732851441,3,1.0,0,0.0
U3_clean_K3#0032,U3_clean_K3,3,FROST-DOA,FROST-DOA,0.7167609557070791,0.6666168893265597,3,1.0,0,0.0
U3_clean_K3#0033,U3_clean_K3,3,FROST-DOA,FROST-DOA,0.1832084477741043,0.1783483395993198,3,1.0,0,0.0
U3_clean_K3#0034,U3_clean_K3,3,FROST-DOA,FROST-DOA,0.2272212218533103,0.1563056128470954,3,1.0,0,0.0
U3_clean_K3#0035,U3_clean_K3,3,FROST-DOA,FROST-DOA,0.4151387109768227,0.3520797560782558,3,1.0,0,0.0
U3_clean_K3#0036,U3_clean_K3,3,FROST-DOA,FROST-DOA,0.1022967692255864,0.1013590729259104,3,1.0,0,0.0
U3_clean_K3#0037,U3_clean_K3,3,FROST-DOA,FROST-DOA,0.0613217566825471,0.0591184083146603,3,1.0,0,0.0
U3_clean_K3#0038,U3_clean_K3,3,FROST-DOA,FROST-DOA,0.9360473768853822,0.8456550026498905,3,1.0,0,0.0
U3_clean_K3#0039,U3_clean_K3,3,FROST-DOA,FROST-DOA,0.1114744160188769,0.0865995434822165,3,1.0,0,0.0
U3_clean_K3#0040,U3_clean_K3,3,FROST-DOA,FROST-DOA,0.200325409288082,0.165464006284752,3,1.0,0,0.0
U3_clean_K3#0041,U3_clean_K3,3,FROST-DOA,FROST-DOA,0.6947493059291929,0.6559072893093413,3,1.0,0,0.0
U3_clean_K3#0042,U3_clean_K3,3,FROST-DOA,FROST-DOA,0.1716088831801737,0.1630600789566347,3,1.0,0,0.0
U3_clean_K3#0043,U3_clean_K3,3,FROST-DOA,FROST-DOA,0.2585070591260838,0.2139429247183929,3,1.0,0,0.0
U3_clean_K3#0044,U3_clean_K3,3,FROST-DOA,FROST-DOA,0.8105429638740641,0.6940109555652422,3,1.0,0,0.0
U3_clean_K3#0045,U3_clean_K3,3,FROST-DOA,FROST-DOA,0.4300123409440426,0.408994611666003,3,1.0,0,0.0
U3_clean_K3#0046,U3_clean_K3,3,FROST-DOA,FROST-DOA,0.1463063269667232,0.1101119241846084,3,1.0,0,0.0
U3_clean_K3#0047,U3_clean_K3,3,FROST-DOA,FROST-DOA,0.1288244196621284,0.1116369072028919,3,1.0,0,0.0
U3_clean_K3#0048,U3_clean_K3,3,FROST-DOA,FROST-DOA,0.6381289506200265,0.5081449855408996,3,1.0,0,0.0
U3_clean_K3#0049,U3_clean_K3,3,FROST-DOA,FROST-DOA,0.304050579715309,0.259718669353458,3,1.0,0,0.0
U3_clean_K3#0050,U3_clean_K3,3,FROST-DOA,FROST-DOA,0.4805524119026616,0.4058070714687917,3,1.0,0,0.0
U3_clean_K3#0051,U3_clean_K3,3,FROST-DOA,FROST-DOA,0.6262771416480359,0.485232259582902,3,1.0,0,0.0
U3_clean_K3#0052,U3_clean_K3,3,FROST-DOA,FROST-DOA,0.5505022966486366,0.5010694445277428,3,1.0,0,0.0
U3_clean_K3#0053,U3_clean_K3,3,FROST-DOA,FROST-DOA,0.202473490347291,0.1753069837198761,3,1.0,0,0.0
U3_clean_K3#0054,U3_clean_K3,3,FROST-DOA,FROST-DOA,0.3645768988829276,0.3480742780504915,3,1.0,0,0.0
U3_clean_K3#0055,U3_clean_K3,3,FROST-DOA,FROST-DOA,0.1967913044078097,0.1846596522836335,3,1.0,0,0.0
U3_clean_K3#0056,U3_clean_K3,3,FROST-DOA,FROST-DOA,0.27088023470739,0.2346245986882641,3,1.0,0,0.0
U3_clean_K3#0057,U3_clean_K3,3,FROST-DOA,FROST-DOA,0.1426403483712298,0.1073069215584655,3,1.0,0,0.0
U3_clean_K3#0058,U3_clean_K3,3,FROST-DOA,FROST-DOA,0.1766877568832131,0.1349612341170095,3,1.0,0,0.0
U3_clean_K3#0059,U3_clean_K3,3,FROST-DOA,FROST-DOA,0.4574189725671137,0.4330052263783361,3,1.0,0,0.0
U3_clean_K3#0060,U3_clean_K3,3,FROST-DOA,FROST-DOA,0.3391818691374596,0.3310829231150105,3,1.0,0,0.0
U3_clean_K3#0061,U3_clean_K3,3,FROST-DOA,FROST-DOA,0.3409778720327714,0.2840129281421847,3,1.0,0,0.0
U3_clean_K3#0062,U3_clean_K3,3,FROST-DOA,FROST-DOA,0.4657975594653184,0.381177824181228,3,1.0,0,0.0
U3_clean_K3#0063,U3_clean_K3,3,FROST-DOA,FROST-DOA,0.4084243900240161,0.3576967931179447,3,1.0,0,0.0
U3_clean_K3#0064,U3_clean_K3,3,FROST-DOA,FROST-DOA,0.3801873435762542,0.3098879213299224,3,1.0,0,0.0
U3_clean_K3#0065,U3_clean_K3,3,FROST-DOA,FROST-DOA,0.2718653804210158,0.2458314286872388,3,1.0,0,0.0
U3_clean_K3#0066,U3_clean_K3,3,FROST-DOA,FROST-DOA,0.5623193136115843,0.5398496366074254,3,1.0,0,0.0
U3_clean_K3#0067,U3_clean_K3,3,FROST-DOA,FROST-DOA,0.5158827829267498,0.445570174593391,3,1.0,0,0.0
U3_clean_K3#0068,U3_clean_K3,3,FROST-DOA,FROST-DOA,0.1954411868411109,0.1695907310888979,3,1.0,0,0.0
U3_clean_K3#0069,U3_clean_K3,3,FROST-DOA,FROST-DOA,0.0830830181940397,0.0804862134591015,3,1.0,0,0.0
U3_clean_K3#0070,U3_clean_K3,3,FROST-DOA,FROST-DOA,0.199581850745917,0.1475558197579977,3,1.0,0,0.0
U3_clean_K3#0071,U3_clean_K3,3,FROST-DOA,FROST-DOA,0.4505643084345386,0.4272450999668583,3,1.0,0,0.0
U3_clean_K3#0072,U3_clean_K3,3,FROST-DOA,FROST-DOA,0.332560177285905,0.2085866421127112,3,1.0,0,0.0
U3_clean_K3#0073,U3_clean_K3,3,FROST-DOA,FROST-DOA,0.30656773800338,0.1993864094504596,3,1.0,0,0.0
U3_clean_K3#0074,U3_clean_K3,3,FROST-DOA,FROST-DOA,0.4887676916720897,0.4571578986553574,3,1.0,0,0.0
U3_clean_K3#0075,U3_clean_K3,3,FROST-DOA,FROST-DOA,0.1186110579699419,0.0731072838469154,3,1.0,0,0.0
U3_clean_K3#0076,U3_clean_K3,3,FROST-DOA,FROST-DOA,0.2287613581814541,0.1607876830568173,3,1.0,0,0.0
U3_clean_K3#0077,U3_clean_K3,3,FROST-DOA,FROST-DOA,0.2725215227134622,0.2216622411375383,3,1.0,0,0.0
U3_clean_K3#0078,U3_clean_K3,3,FROST-DOA,FROST-DOA,0.0480693580037951,0.0441253862272477,3,1.0,0,0.0
U3_clean_K3#0079,U3_clean_K3,3,FROST-DOA,FROST-DOA,0.7763695838535857,0.7193319618462617,3,1.0,0,0.0
U3_clean_K3#0080,U3_clean_K3,3,FROST-DOA,FROST-DOA,0.3399937145181614,0.3259483614030752,3,1.0,0,0.0
U3_clean_K3#0081,U3_clean_K3,3,FROST-DOA,FROST-DOA,0.2789550280005106,0.2333692735787345,3,1.0,0,0.0
U3_clean_K3#0082,U3_clean_K3,3,FROST-DOA,FROST-DOA,0.1365406668377689,0.1102211676663523,3,1.0,0,0.0
U3_clean_K3#0083,U3_clean_K3,3,FROST-DOA,FROST-DOA,0.7563393736596069,0.7111910203828321,3,1.0,0,0.0
U3_clean_K3#0084,U3_clean_K3,3,FROST-DOA,FROST-DOA,1.7264387570763056,1.4668489839399548,3,1.0,0,0.0
U3_clean_K3#0085,U3_clean_K3,3,FROST-DOA,FROST-DOA,0.4949470892931986,0.3730576674401907,3,1.0,0,0.0
U3_clean_K3#0086,U3_clean_K3,3,FROST-DOA,FROST-DOA,0.0492011344882764,0.0491572332587852,3,1.0,0,0.0
U3_clean_K3#0087,U3_clean_K3,3,FROST-DOA,FROST-DOA,0.1875269559875228,0.1739365757803659,3,1.0,0,0.0
U3_clean_K3#0088,U3_clean_K3,3,FROST-DOA,FROST-DOA,2.4921262924803744,2.1137846222119685,3,1.0,0,0.0
U3_clean_K3#0089,U3_clean_K3,3,FROST-DOA,FROST-DOA,0.1528703303424627,0.1481462328017902,3,1.0,0,0.0
U3_clean_K3#0090,U3_clean_K3,3,FROST-DOA,FROST-DOA,0.2945065623076195,0.2455285534474798,3,1.0,0,0.0
U3_clean_K3#0091,U3_clean_K3,3,FROST-DOA,FROST-DOA,0.3666173380645663,0.3339020794866278,3,1.0,0,0.0
U3_clean_K3#0092,U3_clean_K3,3,FROST-DOA,FROST-DOA,0.5117887971385522,0.4556960529655806,3,1.0,0,0.0
U3_clean_K3#0093,U3_clean_K3,3,FROST-DOA,FROST-DOA,0.4317321678133999,0.4095699453572005,3,1.0,0,0.0
U3_clean_K3#0094,U3_clean_K3,3,FROST-DOA,FROST-DOA,0.4593556873206714,0.4228406314734749,3,1.0,0,0.0
U3_clean_K3#0095,U3_clean_K3,3,FROST-DOA,FROST-DOA,0.4620578170563004,0.4279725347049679,3,1.0,0,0.0
U3_clean_K3#0096,U3_clean_K3,3,FROST-DOA,FROST-DOA,1.909184758718049,1.5306827597365256,3,1.0,0,0.0
U3_clean_K3#0097,U3_clean_K3,3,FROST-DOA,FROST-DOA,0.3638125506742835,0.2913705432473016,3,1.0,0,0.0
U3_clean_K3#0098,U3_clean_K3,3,FROST-DOA,FROST-DOA,0.2030655894968476,0.1740588997706093,3,1.0,0,0.0
U3_clean_K3#0099,U3_clean_K3,3,FROST-DOA,FROST-DOA,0.2041418626669358,0.1824148982147738,3,1.0,0,0.0
U4_lowSNR_few_K2#0000,U4_lowSNR_few_K2,2,FROST-DOA,FROST-DOA,36.79489803844696,26.359685759742664,2,1.0,0,1.0
U4_lowSNR_few_K2#0001,U4_lowSNR_few_K2,2,FROST-DOA,FROST-DOA,15.515830176772578,12.812024521395676,3,0.0,1,1.0
U4_lowSNR_few_K2#0002,U4_lowSNR_few_K2,2,FROST-DOA,FROST-DOA,14.591812258040932,10.00341177068642,3,0.0,1,1.0
U4_lowSNR_few_K2#0003,U4_lowSNR_few_K2,2,FROST-DOA,FROST-DOA,24.00868114355145,21.2936032221868,3,0.0,1,1.0
U4_lowSNR_few_K2#0004,U4_lowSNR_few_K2,2,FROST-DOA,FROST-DOA,16.793404715285156,14.626703519958475,3,0.0,1,1.0
U4_lowSNR_few_K2#0005,U4_lowSNR_few_K2,2,FROST-DOA,FROST-DOA,19.386891040909195,15.45902926863949,2,1.0,0,1.0
U4_lowSNR_few_K2#0006,U4_lowSNR_few_K2,2,FROST-DOA,FROST-DOA,16.39600393465267,13.789040238421803,3,0.0,1,1.0
U4_lowSNR_few_K2#0007,U4_lowSNR_few_K2,2,FROST-DOA,FROST-DOA,17.677833812607233,12.553890194653484,1,0.0,1,1.0
U4_lowSNR_few_K2#0008,U4_lowSNR_few_K2,2,FROST-DOA,FROST-DOA,4.370021485695803,4.289012946088292,2,1.0,0,0.0
U4_lowSNR_few_K2#0009,U4_lowSNR_few_K2,2,FROST-DOA,FROST-DOA,38.96166819661624,34.83329374542805,2,1.0,0,1.0
U4_lowSNR_few_K2#0010,U4_lowSNR_few_K2,2,FROST-DOA,FROST-DOA,19.85467526965345,19.460853277403945,3,0.0,1,1.0
U4_lowSNR_few_K2#0011,U4_lowSNR_few_K2,2,FROST-DOA,FROST-DOA,18.71687310671634,16.848639953647655,1,0.0,1,1.0
U4_lowSNR_few_K2#0012,U4_lowSNR_few_K2,2,FROST-DOA,FROST-DOA,18.698869494351207,16.485364680167354,3,0.0,1,1.0
U4_lowSNR_few_K2#0013,U4_lowSNR_few_K2,2,FROST-DOA,FROST-DOA,21.756720099143223,18.39856690789622,3,0.0,1,1.0
U4_lowSNR_few_K2#0014,U4_lowSNR_few_K2,2,FROST-DOA,FROST-DOA,18.697466304432417,15.563910424546442,4,0.0,2,1.0
U4_lowSNR_few_K2#0015,U4_lowSNR_few_K2,2,FROST-DOA,FROST-DOA,17.309207576842304,14.955984512540804,3,0.0,1,1.0
U4_lowSNR_few_K2#0016,U4_lowSNR_few_K2,2,FROST-DOA,FROST-DOA,24.37190023905374,20.575362671118256,3,0.0,1,1.0
U4_lowSNR_few_K2#0017,U4_lowSNR_few_K2,2,FROST-DOA,FROST-DOA,28.0630366780878,25.13097087226716,3,0.0,1,1.0
U4_lowSNR_few_K2#0018,U4_lowSNR_few_K2,2,FROST-DOA,FROST-DOA,3.4462784615025903,2.7845820007521027,2,1.0,0,0.0
U4_lowSNR_few_K2#0019,U4_lowSNR_few_K2,2,FROST-DOA,FROST-DOA,21.11322600475465,18.307955875375004,4,0.0,2,1.0
U4_lowSNR_few_K2#0020,U4_lowSNR_few_K2,2,FROST-DOA,FROST-DOA,14.563899871781162,9.774466363799569,3,0.0,1,1.0
U4_lowSNR_few_K2#0021,U4_lowSNR_few_K2,2,FROST-DOA,FROST-DOA,26.769520353788845,23.342909786471846,3,0.0,1,1.0
U4_lowSNR_few_K2#0022,U4_lowSNR_few_K2,2,FROST-DOA,FROST-DOA,16.413469460375953,12.57180504077607,2,1.0,0,1.0
U4_lowSNR_few_K2#0023,U4_lowSNR_few_K2,2,FROST-DOA,FROST-DOA,15.200643167629146,12.198316816861686,3,0.0,1,1.0
U4_lowSNR_few_K2#0024,U4_lowSNR_few_K2,2,FROST-DOA,FROST-DOA,14.469953738767156,9.119935280796666,3,0.0,1,1.0
U4_lowSNR_few_K2#0025,U4_lowSNR_few_K2,2,FROST-DOA,FROST-DOA,14.440822366819283,8.700686792373263,3,0.0,1,1.0
U4_lowSNR_few_K2#0026,U4_lowSNR_few_K2,2,FROST-DOA,FROST-DOA,19.65120755760484,18.496464679286085,3,0.0,1,1.0
U4_lowSNR_few_K2#0027,U4_lowSNR_few_K2,2,FROST-DOA,FROST-DOA,29.02252254034992,22.89424219735632,3,0.0,1,1.0
U4_lowSNR_few_K2#0028,U4_lowSNR_few_K2,2,FROST-DOA,FROST-DOA,15.290078646940726,12.23266536900968,3,0.0,1,1.0
U4_lowSNR_few_K2#0029,U4_lowSNR_few_K2,2,FROST-DOA,FROST-DOA,18.205657399438724,15.57121296028616,4,0.0,2,1.0
U4_lowSNR_few_K2#0030,U4_lowSNR_few_K2,2,FROST-DOA,FROST-DOA,18.093841642039347,14.838544210673229,4,0.0,2,1.0
U4_lowSNR_few_K2#0031,U4_lowSNR_few_K2,2,FROST-DOA,FROST-DOA,14.529043043402664,9.60648418709578,3,0.0,1,1.0
U4_lowSNR_few_K2#0032,U4_lowSNR_few_K2,2,FROST-DOA,FROST-DOA,14.930689424955318,11.383660919309063,3,0.0,1,1.0
U4_lowSNR_few_K2#0033,U4_lowSNR_few_K2,2,FROST-DOA,FROST-DOA,23.23627222973025,21.95821897758925,3,0.0,1,1.0
U4_lowSNR_few_K2#0034,U4_lowSNR_few_K2,2,FROST-DOA,FROST-DOA,13.684066407304648,10.089993497686793,2,1.0,0,1.0
U4_lowSNR_few_K2#0035,U4_lowSNR_few_K2,2,FROST-DOA,FROST-DOA,17.71314636531385,13.292323847625225,1,0.0,1,1.0
U4_lowSNR_few_K2#0036,U4_lowSNR_few_K2,2,FROST-DOA,FROST-DOA,15.746961576028982,12.761419809444112,3,0.0,1,1.0
U4_lowSNR_few_K2#0037,U4_lowSNR_few_K2,2,FROST-DOA,FROST-DOA,38.3492957722729,36.13358183797271,2,1.0,0,1.0
U4_lowSNR_few_K2#0038,U4_lowSNR_few_K2,2,FROST-DOA,FROST-DOA,43.98478514338756,39.15752966981728,2,1.0,0,1.0
U4_lowSNR_few_K2#0039,U4_lowSNR_few_K2,2,FROST-DOA,FROST-DOA,25.66974227467687,20.99081699799176,3,0.0,1,1.0
U4_lowSNR_few_K2#0040,U4_lowSNR_few_K2,2,FROST-DOA,FROST-DOA,18.85611439627987,16.618030434842094,3,0.0,1,1.0
U4_lowSNR_few_K2#0041,U4_lowSNR_few_K2,2,FROST-DOA,FROST-DOA,7.6032156540217075,6.047046143027714,2,1.0,0,1.0
U4_lowSNR_few_K2#0042,U4_lowSNR_few_K2,2,FROST-DOA,FROST-DOA,16.11877902398233,12.98279232879684,3,0.0,1,1.0
U4_lowSNR_few_K2#0043,U4_lowSNR_few_K2,2,FROST-DOA,FROST-DOA,18.596813061178025,16.582980286041163,1,0.0,1,1.0
U4_lowSNR_few_K2#0044,U4_lowSNR_few_K2,2,FROST-DOA,FROST-DOA,14.549699464628016,9.646670554511786,3,0.0,1,1.0
U4_lowSNR_few_K2#0045,U4_lowSNR_few_K2,2,FROST-DOA,FROST-DOA,21.468962903707755,17.750294028760344,2,1.0,0,1.0
U4_lowSNR_few_K2#0046,U4_lowSNR_few_K2,2,FROST-DOA,FROST-DOA,23.31132484659605,22.89850181421794,2,1.0,0,1.0
U4_lowSNR_few_K2#0047,U4_lowSNR_few_K2,2,FROST-DOA,FROST-DOA,32.842867656864414,29.43314057908756,3,0.0,1,1.0
U4_lowSNR_few_K2#0048,U4_lowSNR_few_K2,2,FROST-DOA,FROST-DOA,14.886299850109566,11.297976941454822,3,0.0,1,1.0
U4_lowSNR_few_K2#0049,U4_lowSNR_few_K2,2,FROST-DOA,FROST-DOA,17.776667275864696,13.616127686019404,4,0.0,2,1.0
U4_lowSNR_few_K2#0050,U4_lowSNR_few_K2,2,FROST-DOA,FROST-DOA,19.48292815926364,17.833909556833575,3,0.0,1,1.0
U4_lowSNR_few_K2#0051,U4_lowSNR_few_K2,2,FROST-DOA,FROST-DOA,15.508275570688223,12.83378746268405,3,0.0,1,1.0
U4_lowSNR_few_K2#0052,U4_lowSNR_few_K2,2,FROST-DOA,FROST-DOA,24.10737697231,24.09020328736866,1,0.0,1,1.0
U4_lowSNR_few_K2#0053,U4_lowSNR_few_K2,2,FROST-DOA,FROST-DOA,15.790766548165076,12.632739944973777,3,0.0,1,1.0
U4_lowSNR_few_K2#0054,U4_lowSNR_few_K2,2,FROST-DOA,FROST-DOA,2.0896554918846286,1.912001287959317,2,1.0,0,0.0
U4_lowSNR_few_K2#0055,U4_lowSNR_few_K2,2,FROST-DOA,FROST-DOA,16.09232030575523,13.124705991814144,3,0.0,1,1.0
U4_lowSNR_few_K2#0056,U4_lowSNR_few_K2,2,FROST-DOA,FROST-DOA,15.277601676499469,12.352624955382405,3,0.0,1,1.0
U4_lowSNR_few_K2#0057,U4_lowSNR_few_K2,2,FROST-DOA,FROST-DOA,17.011555979689202,13.844907271319755,3,0.0,1,1.0
U4_lowSNR_few_K2#0058,U4_lowSNR_few_K2,2,FROST-DOA,FROST-DOA,14.573093599152978,9.96398749010114,3,0.0,1,1.0
U4_lowSNR_few_K2#0059,U4_lowSNR_few_K2,2,FROST-DOA,FROST-DOA,5.10210767477789,5.054691539634266,2,1.0,0,1.0
U4_lowSNR_few_K2#0060,U4_lowSNR_few_K2,2,FROST-DOA,FROST-DOA,21.21819027056109,17.424713268535672,3,0.0,1,1.0
U4_lowSNR_few_K2#0061,U4_lowSNR_few_K2,2,FROST-DOA,FROST-DOA,51.86799313081004,38.83751230940898,2,1.0,0,1.0
U4_lowSNR_few_K2#0062,U4_lowSNR_few_K2,2,FROST-DOA,FROST-DOA,16.28420063923424,14.08032884419004,3,0.0,1,1.0
U4_lowSNR_few_K2#0063,U4_lowSNR_few_K2,2,FROST-DOA,FROST-DOA,18.29085553346089,17.212270566427964,3,0.0,1,1.0
U4_lowSNR_few_K2#0064,U4_lowSNR_few_K2,2,FROST-DOA,FROST-DOA,14.53930196630804,9.661654780437807,3,0.0,1,1.0
U4_lowSNR_few_K2#0065,U4_lowSNR_few_K2,2,FROST-DOA,FROST-DOA,17.42425259928669,13.091309607142277,2,1.0,0,1.0
U4_lowSNR_few_K2#0066,U4_lowSNR_few_K2,2,FROST-DOA,FROST-DOA,18.440511128773533,16.936644202591946,3,0.0,1,1.0
U4_lowSNR_few_K2#0067,U4_lowSNR_few_K2,2,FROST-DOA,FROST-DOA,18.68896314095152,15.314902122049125,2,1.0,0,1.0
U4_lowSNR_few_K2#0068,U4_lowSNR_few_K2,2,FROST-DOA,FROST-DOA,15.024389796825742,11.606119327468145,3,0.0,1,1.0
U4_lowSNR_few_K2#0069,U4_lowSNR_few_K2,2,FROST-DOA,FROST-DOA,17.941654897144904,14.502165160107738,4,0.0,2,1.0
U4_lowSNR_few_K2#0070,U4_lowSNR_few_K2,2,FROST-DOA,FROST-DOA,12.982258020315058,12.78802390382275,2,1.0,0,1.0
U4_lowSNR_few_K2#0071,U4_lowSNR_few_K2,2,FROST-DOA,FROST-DOA,3.404201848668189,3.3972315153804225,2,1.0,0,0.0
U4_lowSNR_few_K2#0072,U4_lowSNR_few_K2,2,FROST-DOA,FROST-DOA,17.873545588946765,14.351304669126408,4,0.0,2,1.0
U4_lowSNR_few_K2#0073,U4_lowSNR_few_K2,2,FROST-DOA,FROST-DOA,22.96444630255862,20.354295348043564,3,0.0,1,1.0
U4_lowSNR_few_K2#0074,U4_lowSNR_few_K2,2,FROST-DOA,FROST-DOA,17.86952949091829,14.315677253403978,4,0.0,2,1.0
U4_lowSNR_few_K2#0075,U4_lowSNR_few_K2,2,FROST-DOA,FROST-DOA,18.215617715834256,15.598908894776892,4,0.0,2,1.0
U4_lowSNR_few_K2#0076,U4_lowSNR_few_K2,2,FROST-DOA,FROST-DOA,53.053363856622255,50.76789984184286,2,1.0,0,1.0
U4_lowSNR_few_K2#0077,U4_lowSNR_few_K2,2,FROST-DOA,FROST-DOA,44.67227273230966,33.68694969137931,3,0.0,1,1.0
U4_lowSNR_few_K2#0078,U4_lowSNR_few_K2,2,FROST-DOA,FROST-DOA,13.635803869017368,13.635627725255612,2,1.0,0,1.0
U4_lowSNR_few_K2#0079,U4_lowSNR_few_K2,2,FROST-DOA,FROST-DOA,14.677140164271677,9.995789395414112,3,0.0,1,1.0
U4_lowSNR_few_K2#0080,U4_lowSNR_few_K2,2,FROST-DOA,FROST-DOA,17.846197385348646,16.319834820388127,3,0.0,1,1.0
U4_lowSNR_few_K2#0081,U4_lowSNR_few_K2,2,FROST-DOA,FROST-DOA,34.88373842108882,31.04836947208621,2,1.0,0,1.0
U4_lowSNR_few_K2#0082,U4_lowSNR_few_K2,2,FROST-DOA,FROST-DOA,17.652565282777772,15.774601228698884,3,0.0,1,1.0
U4_lowSNR_few_K2#0083,U4_lowSNR_few_K2,2,FROST-DOA,FROST-DOA,19.27676719135569,16.99389471423542,4,0.0,2,1.0
U4_lowSNR_few_K2#0084,U4_lowSNR_few_K2,2,FROST-DOA,FROST-DOA,14.85951260546149,10.588874739348215,3,0.0,1,1.0
U4_lowSNR_few_K2#0085,U4_lowSNR_few_K2,2,FROST-DOA,FROST-DOA,16.554592719633842,13.352755159982909,3,0.0,1,1.0
U4_lowSNR_few_K2#0086,U4_lowSNR_few_K2,2,FROST-DOA,FROST-DOA,24.67013656734032,21.51544211142999,3,0.0,1,1.0
U4_lowSNR_few_K2#0087,U4_lowSNR_few_K2,2,FROST-DOA,FROST-DOA,33.972564514007935,28.24870148872094,3,0.0,1,1.0
U4_lowSNR_few_K2#0088,U4_lowSNR_few_K2,2,FROST-DOA,FROST-DOA,15.207134956571188,12.078966517767276,3,0.0,1,1.0
U4_lowSNR_few_K2#0089,U4_lowSNR_few_K2,2,FROST-DOA,FROST-DOA,15.347863993446785,12.114637502763804,3,0.0,1,1.0
U4_lowSNR_few_K2#0090,U4_lowSNR_few_K2,2,FROST-DOA,FROST-DOA,18.5785391829606,16.02060180521524,4,0.0,2,1.0
U4_lowSNR_few_K2#0091,U4_lowSNR_few_K2,2,FROST-DOA,FROST-DOA,19.59502648666995,18.708757030469982,3,0.0,1,1.0
U4_lowSNR_few_K2#0092,U4_lowSNR_few_K2,2,FROST-DOA,FROST-DOA,20.240206532639125,17.417586346698773,3,0.0,1,1.0
U4_lowSNR_few_K2#0093,U4_lowSNR_few_K2,2,FROST-DOA,FROST-DOA,18.847838762956183,17.90997122361634,3,0.0,1,1.0
U4_lowSNR_few_K2#0094,U4_lowSNR_few_K2,2,FROST-DOA,FROST-DOA,17.958799589341933,14.4153193165274,4,0.0,2,1.0
U4_lowSNR_few_K2#0095,U4_lowSNR_few_K2,2,FROST-DOA,FROST-DOA,34.456769063531844,24.981876686788684,2,1.0,0,1.0
U4_lowSNR_few_K2#0096,U4_lowSNR_few_K2,2,FROST-DOA,FROST-DOA,32.28563970130328,23.963607216454,2,1.0,0,1.0
U4_lowSNR_few_K2#0097,U4_lowSNR_few_K2,2,FROST-DOA,FROST-DOA,14.511552171110884,9.46413255909917,3,0.0,1,1.0
U4_lowSNR_few_K2#0098,U4_lowSNR_few_K2,2,FROST-DOA,FROST-DOA,20.12442382597441,18.91221685268929,4,0.0,2,1.0
U4_lowSNR_few_K2#0099,U4_lowSNR_few_K2,2,FROST-DOA,FROST-DOA,21.03617812260812,18.076726226640165,3,0.0,1,1.0
U5_lowSNR_few_K3#0000,U5_lowSNR_few_K3,3,FROST-DOA,FROST-DOA,14.487964866410652,9.282236954768544,2,0.0,1,1.0
U5_lowSNR_few_K3#0001,U5_lowSNR_few_K3,3,FROST-DOA,FROST-DOA,31.2019767511855,28.830420432252257,3,1.0,0,1.0
U5_lowSNR_few_K3#0002,U5_lowSNR_few_K3,3,FROST-DOA,FROST-DOA,3.99153348120154,3.496642594115947,3,1.0,0,0.0
U5_lowSNR_few_K3#0003,U5_lowSNR_few_K3,3,FROST-DOA,FROST-DOA,24.87884847607376,21.769787909047825,2,0.0,1,1.0
U5_lowSNR_few_K3#0004,U5_lowSNR_few_K3,3,FROST-DOA,FROST-DOA,14.602882833292094,9.998543996970012,2,0.0,1,1.0
U5_lowSNR_few_K3#0005,U5_lowSNR_few_K3,3,FROST-DOA,FROST-DOA,29.09158802354013,28.63403656798189,1,0.0,2,1.0
U5_lowSNR_few_K3#0006,U5_lowSNR_few_K3,3,FROST-DOA,FROST-DOA,19.856760111882192,17.270146135263992,3,1.0,0,1.0
U5_lowSNR_few_K3#0007,U5_lowSNR_few_K3,3,FROST-DOA,FROST-DOA,18.524839005606136,15.820200537748866,2,0.0,1,1.0
U5_lowSNR_few_K3#0008,U5_lowSNR_few_K3,3,FROST-DOA,FROST-DOA,20.52712610709913,17.917831397372172,1,0.0,2,1.0
U5_lowSNR_few_K3#0009,U5_lowSNR_few_K3,3,FROST-DOA,FROST-DOA,21.998403807063497,18.1036134945651,3,1.0,0,1.0
U5_lowSNR_few_K3#0010,U5_lowSNR_few_K3,3,FROST-DOA,FROST-DOA,13.67964687789603,10.39364455279882,4,0.0,1,1.0
U5_lowSNR_few_K3#0011,U5_lowSNR_few_K3,3,FROST-DOA,FROST-DOA,15.434619546318189,12.379445185892502,2,0.0,1,1.0
U5_lowSNR_few_K3#0012,U5_lowSNR_few_K3,3,FROST-DOA,FROST-DOA,3.6183546019808497,3.5379256984563674,3,1.0,0,0.0
U5_lowSNR_few_K3#0013,U5_lowSNR_few_K3,3,FROST-DOA,FROST-DOA,15.128490985269936,11.050847583374573,2,0.0,1,1.0
U5_lowSNR_few_K3#0014,U5_lowSNR_few_K3,3,FROST-DOA,FROST-DOA,15.0598859864157,9.411784699520686,3,1.0,0,1.0
U5_lowSNR_few_K3#0015,U5_lowSNR_few_K3,3,FROST-DOA,FROST-DOA,20.340999996360097,17.54092095037651,3,1.0,0,1.0
U5_lowSNR_few_K3#0016,U5_lowSNR_few_K3,3,FROST-DOA,FROST-DOA,17.219481788449933,10.910228936713212,3,1.0,0,1.0
U5_lowSNR_few_K3#0017,U5_lowSNR_few_K3,3,FROST-DOA,FROST-DOA,7.662802792074665,6.322583565611358,3,1.0,0,1.0
U5_lowSNR_few_K3#0018,U5_lowSNR_few_K3,3,FROST-DOA,FROST-DOA,30.767189010212068,23.31991552202631,3,1.0,0,1.0
U5_lowSNR_few_K3#0019,U5_lowSNR_few_K3,3,FROST-DOA,FROST-DOA,28.585903512604133,25.70574527569848,3,1.0,0,1.0
U5_lowSNR_few_K3#0020,U5_lowSNR_few_K3,3,FROST-DOA,FROST-DOA,19.19931422657128,17.010321751234923,2,0.0,1,1.0
U5_lowSNR_few_K3#0021,U5_lowSNR_few_K3,3,FROST-DOA,FROST-DOA,13.317364434456058,10.182033256932453,3,1.0,0,1.0
U5_lowSNR_few_K3#0022,U5_lowSNR_few_K3,3,FROST-DOA,FROST-DOA,14.118132017244031,10.711342993900988,4,0.0,1,1.0
U5_lowSNR_few_K3#0023,U5_lowSNR_few_K3,3,FROST-DOA,FROST-DOA,22.368369524344704,19.0190482773627,2,0.0,1,1.0
U5_lowSNR_few_K3#0024,U5_lowSNR_few_K3,3,FROST-DOA,FROST-DOA,20.68449623953909,18.597272617902373,1,0.0,2,1.0
U5_lowSNR_few_K3#0025,U5_lowSNR_few_K3,3,FROST-DOA,FROST-DOA,28.071572073764493,26.724974730958337,3,1.0,0,1.0
U5_lowSNR_few_K3#0026,U5_lowSNR_few_K3,3,FROST-DOA,FROST-DOA,11.604180023703432,10.43390300868271,3,1.0,0,1.0
U5_lowSNR_few_K3#0027,U5_lowSNR_few_K3,3,FROST-DOA,FROST-DOA,3.305098707648477,2.71207761216399,3,1.0,0,0.0
U5_lowSNR_few_K3#0028,U5_lowSNR_few_K3,3,FROST-DOA,FROST-DOA,32.033155720309715,29.92297538317764,3,1.0,0,1.0
U5_lowSNR_few_K3#0029,U5_lowSNR_few_K3,3,FROST-DOA,FROST-DOA,1.8246989387642985,1.2270164794680931,3,1.0,0,0.0
U5_lowSNR_few_K3#0030,U5_lowSNR_few_K3,3,FROST-DOA,FROST-DOA,13.985147918687256,11.39759197614659,4,0.0,1,1.0
U5_lowSNR_few_K3#0031,U5_lowSNR_few_K3,3,FROST-DOA,FROST-DOA,15.91235787581512,13.65207135723668,3,1.0,0,1.0
U5_lowSNR_few_K3#0032,U5_lowSNR_few_K3,3,FROST-DOA,FROST-DOA,23.17527232984386,15.505122041671545,3,1.0,0,1.0
U5_lowSNR_few_K3#0033,U5_lowSNR_few_K3,3,FROST-DOA,FROST-DOA,30.974239704843285,23.33546142447968,3,1.0,0,1.0
U5_lowSNR_few_K3#0034,U5_lowSNR_few_K3,3,FROST-DOA,FROST-DOA,9.585524586671989,8.070702437071645,3,1.0,0,1.0
U5_lowSNR_few_K3#0035,U5_lowSNR_few_K3,3,FROST-DOA,FROST-DOA,25.404370462411578,23.18462067767065,4,0.0,1,1.0
U5_lowSNR_few_K3#0036,U5_lowSNR_few_K3,3,FROST-DOA,FROST-DOA,15.5715138218355,11.83074933620138,2,0.0,1,1.0
U5_lowSNR_few_K3#0037,U5_lowSNR_few_K3,3,FROST-DOA,FROST-DOA,12.91150571591879,10.5746931370105,3,1.0,0,1.0
U5_lowSNR_few_K3#0038,U5_lowSNR_few_K3,3,FROST-DOA,FROST-DOA,6.64312962299737,6.5399389395707885,3,1.0,0,1.0
U5_lowSNR_few_K3#0039,U5_lowSNR_few_K3,3,FROST-DOA,FROST-DOA,10.19892352376795,8.022041564271362,3,1.0,0,1.0
U5_lowSNR_few_K3#0040,U5_lowSNR_few_K3,3,FROST-DOA,FROST-DOA,10.208158844511344,7.274386321603077,3,1.0,0,1.0
U5_lowSNR_few_K3#0041,U5_lowSNR_few_K3,3,FROST-DOA,FROST-DOA,16.931274770905105,14.339681674144613,2,0.0,1,1.0
U5_lowSNR_few_K3#0042,U5_lowSNR_few_K3,3,FROST-DOA,FROST-DOA,16.866866256263712,15.18935700700954,3,1.0,0,1.0
U5_lowSNR_few_K3#0043,U5_lowSNR_few_K3,3,FROST-DOA,FROST-DOA,15.908466124661777,12.82243402933712,4,0.0,1,1.0
U5_lowSNR_few_K3#0044,U5_lowSNR_few_K3,3,FROST-DOA,FROST-DOA,25.989920761969497,24.945355954265267,2,0.0,1,1.0
U5_lowSNR_few_K3#0045,U5_lowSNR_few_K3,3,FROST-DOA,FROST-DOA,16.36003916281177,15.98433360667828,3,1.0,0,1.0
U5_lowSNR_few_K3#0046,U5_lowSNR_few_K3,3,FROST-DOA,FROST-DOA,15.81803503220062,14.362516286969315,4,0.0,1,1.0
U5_lowSNR_few_K3#0047,U5_lowSNR_few_K3,3,FROST-DOA,FROST-DOA,51.269084575958814,50.62829919969903,3,1.0,0,1.0
U5_lowSNR_few_K3#0048,U5_lowSNR_few_K3,3,FROST-DOA,FROST-DOA,20.93224898778501,19.343255355026034,1,0.0,2,1.0
U5_lowSNR_few_K3#0049,U5_lowSNR_few_K3,3,FROST-DOA,FROST-DOA,20.42566785598364,17.09141784727967,1,0.0,2,1.0
U5_lowSNR_few_K3#0050,U5_lowSNR_few_K3,3,FROST-DOA,FROST-DOA,25.017600305700483,23.74934691154456,3,1.0,0,1.0
U5_lowSNR_few_K3#0051,U5_lowSNR_few_K3,3,FROST-DOA,FROST-DOA,35.92532799549369,35.51888379727428,3,1.0,0,1.0
U5_lowSNR_few_K3#0052,U5_lowSNR_few_K3,3,FROST-DOA,FROST-DOA,14.50210358531277,9.414819195894326,2,0.0,1,1.0
U5_lowSNR_few_K3#0053,U5_lowSNR_few_K3,3,FROST-DOA,FROST-DOA,24.73309274333372,24.730148337832464,1,0.0,2,1.0
U5_lowSNR_few_K3#0054,U5_lowSNR_few_K3,3,FROST-DOA,FROST-DOA,30.414880225520843,28.329585871208582,3,1.0,0,1.0
U5_lowSNR_few_K3#0055,U5_lowSNR_few_K3,3,FROST-DOA,FROST-DOA,18.001437060060223,10.63964296502227,3,1.0,0,1.0
U5_lowSNR_few_K3#0056,U5_lowSNR_few_K3,3,FROST-DOA,FROST-DOA,24.916755349750687,24.910286298693894,3,1.0,0,1.0
U5_lowSNR_few_K3#0057,U5_lowSNR_few_K3,3,FROST-DOA,FROST-DOA,18.754023477176755,14.933106487691902,3,1.0,0,1.0
U5_lowSNR_few_K3#0058,U5_lowSNR_few_K3,3,FROST-DOA,FROST-DOA,13.527691054474616,10.187942611761942,4,0.0,1,1.0
U5_lowSNR_few_K3#0059,U5_lowSNR_few_K3,3,FROST-DOA,FROST-DOA,45.56833656999597,31.55213896994104,3,1.0,0,1.0
U5_lowSNR_few_K3#0060,U5_lowSNR_few_K3,3,FROST-DOA,FROST-DOA,14.917610776147695,14.861869594049098,3,1.0,0,1.0
U5_lowSNR_few_K3#0061,U5_lowSNR_few_K3,3,FROST-DOA,FROST-DOA,23.193961228743493,22.265360033961787,3,1.0,0,1.0
U5_lowSNR_few_K3#0062,U5_lowSNR_few_K3,3,FROST-DOA,FROST-DOA,20.73006869116937,18.753856266258577,1,0.0,2,1.0
U5_lowSNR_few_K3#0063,U5_lowSNR_few_K3,3,FROST-DOA,FROST-DOA,20.460236090355146,18.472220255550955,2,0.0,1,1.0
U5_lowSNR_few_K3#0064,U5_lowSNR_few_K3,3,FROST-DOA,FROST-DOA,24.24572541043408,15.84117058831284,3,1.0,0,1.0
U5_lowSNR_few_K3#0065,U5_lowSNR_few_K3,3,FROST-DOA,FROST-DOA,59.57761989098064,49.81306102455548,3,1.0,0,1.0
U5_lowSNR_few_K3#0066,U5_lowSNR_few_K3,3,FROST-DOA,FROST-DOA,27.306338748502625,22.00536198310544,2,0.0,1,1.0
U5_lowSNR_few_K3#0067,U5_lowSNR_few_K3,3,FROST-DOA,FROST-DOA,21.191799918044367,17.607463263627594,2,0.0,1,1.0
U5_lowSNR_few_K3#0068,U5_lowSNR_few_K3,3,FROST-DOA,FROST-DOA,16.986237076545404,14.987932275260867,3,1.0,0,1.0
U5_lowSNR_few_K3#0069,U5_lowSNR_few_K3,3,FROST-DOA,FROST-DOA,43.16177158916655,41.81251021921489,3,1.0,0,1.0
U5_lowSNR_few_K3#0070,U5_lowSNR_few_K3,3,FROST-DOA,FROST-DOA,38.17376701493606,31.28682728123484,3,1.0,0,1.0
U5_lowSNR_few_K3#0071,U5_lowSNR_few_K3,3,FROST-DOA,FROST-DOA,17.969433459193844,12.811479196407666,3,1.0,0,1.0
U5_lowSNR_few_K3#0072,U5_lowSNR_few_K3,3,FROST-DOA,FROST-DOA,14.444473160855187,8.72610967353413,2,0.0,1,1.0
U5_lowSNR_few_K3#0073,U5_lowSNR_few_K3,3,FROST-DOA,FROST-DOA,18.226877412499427,13.17808786463124,3,1.0,0,1.0
U5_lowSNR_few_K3#0074,U5_lowSNR_few_K3,3,FROST-DOA,FROST-DOA,3.7318435855655,3.068859669893932,3,1.0,0,0.0
U5_lowSNR_few_K3#0075,U5_lowSNR_few_K3,3,FROST-DOA,FROST-DOA,25.11402366553937,16.7245370552769,3,1.0,0,1.0
U5_lowSNR_few_K3#0076,U5_lowSNR_few_K3,3,FROST-DOA,FROST-DOA,21.77288077811572,19.6388354471444,2,0.0,1,1.0
U5_lowSNR_few_K3#0077,U5_lowSNR_few_K3,3,FROST-DOA,FROST-DOA,13.314832680129324,9.666974555073711,4,0.0,1,1.0
U5_lowSNR_few_K3#0078,U5_lowSNR_few_K3,3,FROST-DOA,FROST-DOA,14.54781444968335,9.701418872403218,2,0.0,1,1.0
U5_lowSNR_few_K3#0079,U5_lowSNR_few_K3,3,FROST-DOA,FROST-DOA,24.78844286139241,24.58427433253804,3,1.0,0,1.0
U5_lowSNR_few_K3#0080,U5_lowSNR_few_K3,3,FROST-DOA,FROST-DOA,54.474819155398535,54.45451949478254,3,1.0,0,1.0
U5_lowSNR_few_K3#0081,U5_lowSNR_few_K3,3,FROST-DOA,FROST-DOA,19.85698813317849,18.80800014834741,2,0.0,1,1.0
U5_lowSNR_few_K3#0082,U5_lowSNR_few_K3,3,FROST-DOA,FROST-DOA,6.98787543833996,5.898462358923233,3,1.0,0,1.0
U5_lowSNR_few_K3#0083,U5_lowSNR_few_K3,3,FROST-DOA,FROST-DOA,17.382080575423004,15.593526160099648,2,0.0,1,1.0
U5_lowSNR_few_K3#0084,U5_lowSNR_few_K3,3,FROST-DOA,FROST-DOA,30.205752504052143,28.002585982299028,3,1.0,0,1.0
U5_lowSNR_few_K3#0085,U5_lowSNR_few_K3,3,FROST-DOA,FROST-DOA,26.51157240595672,25.541546721576527,3,1.0,0,1.0
U5_lowSNR_few_K3#0086,U5_lowSNR_few_K3,3,FROST-DOA,FROST-DOA,16.185194886565345,14.349792425238444,3,1.0,0,1.0
U5_lowSNR_few_K3#0087,U5_lowSNR_few_K3,3,FROST-DOA,FROST-DOA,32.04366976300052,29.71523710820984,3,1.0,0,1.0
U5_lowSNR_few_K3#0088,U5_lowSNR_few_K3,3,FROST-DOA,FROST-DOA,20.41605976061639,16.889399303395837,1,0.0,2,1.0
U5_lowSNR_few_K3#0089,U5_lowSNR_few_K3,3,FROST-DOA,FROST-DOA,13.317974849437537,9.521200458819653,4,0.0,1,1.0
U5_lowSNR_few_K3#0090,U5_lowSNR_few_K3,3,FROST-DOA,FROST-DOA,8.598812605991395,5.6902891861745575,3,1.0,0,1.0
U5_lowSNR_few_K3#0091,U5_lowSNR_few_K3,3,FROST-DOA,FROST-DOA,18.27462785523367,16.621527033690178,2,0.0,1,1.0
U5_lowSNR_few_K3#0092,U5_lowSNR_few_K3,3,FROST-DOA,FROST-DOA,5.814108787480903,4.960283579606006,3,1.0,0,1.0
U5_lowSNR_few_K3#0093,U5_lowSNR_few_K3,3,FROST-DOA,FROST-DOA,22.83517408303241,18.73137899665173,3,1.0,0,1.0
U5_lowSNR_few_K3#0094,U5_lowSNR_few_K3,3,FROST-DOA,FROST-DOA,14.87860233169505,12.343628672487874,4,0.0,1,1.0
U5_lowSNR_few_K3#0095,U5_lowSNR_few_K3,3,FROST-DOA,FROST-DOA,15.114239540813257,11.506120071101131,2,0.0,1,1.0
U5_lowSNR_few_K3#0096,U5_lowSNR_few_K3,3,FROST-DOA,FROST-DOA,17.51182963894136,14.782181314841358,4,0.0,1,1.0
U5_lowSNR_few_K3#0097,U5_lowSNR_few_K3,3,FROST-DOA,FROST-DOA,40.77007468436011,38.35629929005529,4,0.0,1,1.0
U5_lowSNR_few_K3#0098,U5_lowSNR_few_K3,3,FROST-DOA,FROST-DOA,23.407163970023408,21.03971232944074,3,1.0,0,1.0
U5_lowSNR_few_K3#0099,U5_lowSNR_few_K3,3,FROST-DOA,FROST-DOA,23.6540474090698,20.47660118970599,3,1.0,0,1.0
U6_coherent_K2#0000,U6_coherent_K2,2,FROST-DOA,FROST-DOA,0.4274915128672901,0.4250918270587842,2,1.0,0,0.0
U6_coherent_K2#0001,U6_coherent_K2,2,FROST-DOA,FROST-DOA,17.752811599331977,13.64981375163977,4,0.0,2,1.0
U6_coherent_K2#0002,U6_coherent_K2,2,FROST-DOA,FROST-DOA,0.2988875650498431,0.296108490431755,2,1.0,0,0.0
U6_coherent_K2#0003,U6_coherent_K2,2,FROST-DOA,FROST-DOA,0.213488655462152,0.1606077733603983,2,1.0,0,0.0
U6_coherent_K2#0004,U6_coherent_K2,2,FROST-DOA,FROST-DOA,1.4903497635753833,1.4825685243809037,2,1.0,0,0.0
U6_coherent_K2#0005,U6_coherent_K2,2,FROST-DOA,FROST-DOA,0.6301669545975255,0.6223488583305965,2,1.0,0,0.0
U6_coherent_K2#0006,U6_coherent_K2,2,FROST-DOA,FROST-DOA,0.3668796061069392,0.3130212838101052,2,1.0,0,0.0
U6_coherent_K2#0007,U6_coherent_K2,2,FROST-DOA,FROST-DOA,0.4174291936792286,0.4071777895375106,2,1.0,0,0.0
U6_coherent_K2#0008,U6_coherent_K2,2,FROST-DOA,FROST-DOA,0.3291904402523534,0.3006306895935489,2,1.0,0,0.0
U6_coherent_K2#0009,U6_coherent_K2,2,FROST-DOA,FROST-DOA,3.552305623075786,3.4112936319078297,2,1.0,0,0.0
U6_coherent_K2#0010,U6_coherent_K2,2,FROST-DOA,FROST-DOA,0.8056372110004631,0.6421908607872333,2,1.0,0,0.0
U6_coherent_K2#0011,U6_coherent_K2,2,FROST-DOA,FROST-DOA,0.7677896584271533,0.6451797484588901,2,1.0,0,0.0
U6_coherent_K2#0012,U6_coherent_K2,2,FROST-DOA,FROST-DOA,0.1019217851166941,0.0827021393822367,2,1.0,0,0.0
U6_coherent_K2#0013,U6_coherent_K2,2,FROST-DOA,FROST-DOA,1.2725467473749363,0.9502486435545924,2,1.0,0,0.0
U6_coherent_K2#0014,U6_coherent_K2,2,FROST-DOA,FROST-DOA,0.6345954794331695,0.4508695210505813,2,1.0,0,0.0
U6_coherent_K2#0015,U6_coherent_K2,2,FROST-DOA,FROST-DOA,0.4633009526168166,0.3464007142690999,2,1.0,0,0.0
U6_coherent_K2#0016,U6_coherent_K2,2,FROST-DOA,FROST-DOA,17.879652755657048,14.357957124268149,4,0.0,2,1.0
U6_coherent_K2#0017,U6_coherent_K2,2,FROST-DOA,FROST-DOA,0.268588632342881,0.2090181758356717,2,1.0,0,0.0
U6_coherent_K2#0018,U6_coherent_K2,2,FROST-DOA,FROST-DOA,2.4947421842715456,2.0889464101912907,2,1.0,0,0.0
U6_coherent_K2#0019,U6_coherent_K2,2,FROST-DOA,FROST-DOA,3.02175828250312,2.9628887335511127,2,1.0,0,0.0
U6_coherent_K2#0020,U6_coherent_K2,2,FROST-DOA,FROST-DOA,0.6714748584787094,0.5478808117720071,2,1.0,0,0.0
U6_coherent_K2#0021,U6_coherent_K2,2,FROST-DOA,FROST-DOA,14.512284952009209,9.408169475394484,3,0.0,1,1.0
U6_coherent_K2#0022,U6_coherent_K2,2,FROST-DOA,FROST-DOA,2.161909299322066,2.102027381445467,2,1.0,0,0.0
U6_coherent_K2#0023,U6_coherent_K2,2,FROST-DOA,FROST-DOA,0.755483097225889,0.7268331228123959,2,1.0,0,0.0
U6_coherent_K2#0024,U6_coherent_K2,2,FROST-DOA,FROST-DOA,0.1602037245698759,0.1588265953243244,2,1.0,0,0.0
U6_coherent_K2#0025,U6_coherent_K2,2,FROST-DOA,FROST-DOA,0.3829547461894338,0.2713145661678706,2,1.0,0,0.0
U6_coherent_K2#0026,U6_coherent_K2,2,FROST-DOA,FROST-DOA,14.438753070490774,8.624078653552123,3,0.0,1,1.0
U6_coherent_K2#0027,U6_coherent_K2,2,FROST-DOA,FROST-DOA,0.2857698370883502,0.2815758207963865,2,1.0,0,0.0
U6_coherent_K2#0028,U6_coherent_K2,2,FROST-DOA,FROST-DOA,0.4069557752074643,0.3897285007178102,2,1.0,0,0.0
U6_coherent_K2#0029,U6_coherent_K2,2,FROST-DOA,FROST-DOA,0.0264091237695691,0.0205572954067116,2,1.0,0,0.0
U6_coherent_K2#0030,U6_coherent_K2,2,FROST-DOA,FROST-DOA,3.2362019281644554,3.23608128651201,2,1.0,0,0.0
U6_coherent_K2#0031,U6_coherent_K2,2,FROST-DOA,FROST-DOA,0.4323282611720192,0.3842083863684893,2,1.0,0,0.0
U6_coherent_K2#0032,U6_coherent_K2,2,FROST-DOA,FROST-DOA,1.944348543774371,1.943675916502985,2,1.0,0,0.0
U6_coherent_K2#0033,U6_coherent_K2,2,FROST-DOA,FROST-DOA,0.4600162721913156,0.4577176906393152,2,1.0,0,0.0
U6_coherent_K2#0034,U6_coherent_K2,2,FROST-DOA,FROST-DOA,0.7130153844764888,0.6836363285513767,2,1.0,0,0.0
U6_coherent_K2#0035,U6_coherent_K2,2,FROST-DOA,FROST-DOA,0.1909153314486631,0.184268916779323,2,1.0,0,0.0
U6_coherent_K2#0036,U6_coherent_K2,2,FROST-DOA,FROST-DOA,0.0262089886106486,0.0258888593156267,2,1.0,0,0.0
U6_coherent_K2#0037,U6_coherent_K2,2,FROST-DOA,FROST-DOA,0.4682272442529402,0.4207043000531216,2,1.0,0,0.0
U6_coherent_K2#0038,U6_coherent_K2,2,FROST-DOA,FROST-DOA,17.680874974061066,12.710426533670844,4,0.0,2,1.0
U6_coherent_K2#0039,U6_coherent_K2,2,FROST-DOA,FROST-DOA,0.4999265668365836,0.3548684801004835,2,1.0,0,0.0
U6_coherent_K2#0040,U6_coherent_K2,2,FROST-DOA,FROST-DOA,2.0815149840042166,1.5210727434985678,2,1.0,0,0.0
U6_coherent_K2#0041,U6_coherent_K2,2,FROST-DOA,FROST-DOA,3.3568570447922457,3.253324438972249,2,1.0,0,0.0
U6_coherent_K2#0042,U6_coherent_K2,2,FROST-DOA,FROST-DOA,0.6001168926530495,0.5881752779917484,2,1.0,0,0.0
U6_coherent_K2#0043,U6_coherent_K2,2,FROST-DOA,FROST-DOA,0.3391200490989857,0.3099699016130213,2,1.0,0,0.0
U6_coherent_K2#0044,U6_coherent_K2,2,FROST-DOA,FROST-DOA,0.2673185309867892,0.1996298043058462,2,1.0,0,0.0
U6_coherent_K2#0045,U6_coherent_K2,2,FROST-DOA,FROST-DOA,0.3738049206183302,0.2917631299367507,2,1.0,0,0.0
U6_coherent_K2#0046,U6_coherent_K2,2,FROST-DOA,FROST-DOA,0.5425391221275987,0.5161806960982195,2,1.0,0,0.0
U6_coherent_K2#0047,U6_coherent_K2,2,FROST-DOA,FROST-DOA,1.6988025103229898,1.680183928086613,2,1.0,0,0.0
U6_coherent_K2#0048,U6_coherent_K2,2,FROST-DOA,FROST-DOA,0.2615960537499598,0.2282653557544094,2,1.0,0,0.0
U6_coherent_K2#0049,U6_coherent_K2,2,FROST-DOA,FROST-DOA,14.436530946561938,8.499374139464573,3,0.0,1,1.0
U6_coherent_K2#0050,U6_coherent_K2,2,FROST-DOA,FROST-DOA,0.2178134995159795,0.2017979128931131,2,1.0,0,0.0
U6_coherent_K2#0051,U6_coherent_K2,2,FROST-DOA,FROST-DOA,3.702620553336806,3.5818689205411687,2,1.0,0,0.0
U6_coherent_K2#0052,U6_coherent_K2,2,FROST-DOA,FROST-DOA,2.657677516044526,2.4751755242852767,2,1.0,0,0.0
U6_coherent_K2#0053,U6_coherent_K2,2,FROST-DOA,FROST-DOA,17.751056934324666,13.620462308014837,4,0.0,2,1.0
U6_coherent_K2#0054,U6_coherent_K2,2,FROST-DOA,FROST-DOA,2.1587485481811424,2.025897561316498,2,1.0,0,0.0
U6_coherent_K2#0055,U6_coherent_K2,2,FROST-DOA,FROST-DOA,0.4238261675754062,0.4139174005335116,2,1.0,0,0.0
U6_coherent_K2#0056,U6_coherent_K2,2,FROST-DOA,FROST-DOA,0.665601435771966,0.6655539849734264,2,1.0,0,0.0
U6_coherent_K2#0057,U6_coherent_K2,2,FROST-DOA,FROST-DOA,0.2407133354211433,0.2228303220174048,2,1.0,0,0.0
U6_coherent_K2#0058,U6_coherent_K2,2,FROST-DOA,FROST-DOA,2.611590360877267,2.588171939730877,2,1.0,0,0.0
U6_coherent_K2#0059,U6_coherent_K2,2,FROST-DOA,FROST-DOA,0.8412227813603393,0.8386730197433323,2,1.0,0,0.0
U6_coherent_K2#0060,U6_coherent_K2,2,FROST-DOA,FROST-DOA,0.2844225538837441,0.2171182267852849,2,1.0,0,0.0
U6_coherent_K2#0061,U6_coherent_K2,2,FROST-DOA,FROST-DOA,1.6855809415277072,1.6850951961439111,2,1.0,0,0.0
U6_coherent_K2#0062,U6_coherent_K2,2,FROST-DOA,FROST-DOA,1.719480591995544,1.4696178066831926,2,1.0,0,0.0
U6_coherent_K2#0063,U6_coherent_K2,2,FROST-DOA,FROST-DOA,0.1888842866969381,0.1426334640683157,2,1.0,0,0.0
U6_coherent_K2#0064,U6_coherent_K2,2,FROST-DOA,FROST-DOA,17.682288191454784,12.781044830200972,4,0.0,2,1.0
U6_coherent_K2#0065,U6_coherent_K2,2,FROST-DOA,FROST-DOA,2.8083277381293947,2.779090537716513,2,1.0,0,0.0
U6_coherent_K2#0066,U6_coherent_K2,2,FROST-DOA,FROST-DOA,1.3637446758561078,1.2614408779816522,2,1.0,0,0.0
U6_coherent_K2#0067,U6_coherent_K2,2,FROST-DOA,FROST-DOA,0.7998576983629795,0.7974512252808736,2,1.0,0,0.0
U6_coherent_K2#0068,U6_coherent_K2,2,FROST-DOA,FROST-DOA,0.0802148342156095,0.0632517174238471,2,1.0,0,0.0
U6_coherent_K2#0069,U6_coherent_K2,2,FROST-DOA,FROST-DOA,17.6782568957241,12.585862394165227,4,0.0,2,1.0
U6_coherent_K2#0070,U6_coherent_K2,2,FROST-DOA,FROST-DOA,3.174604056375706,3.1183444468544144,2,1.0,0,0.0
U6_coherent_K2#0071,U6_coherent_K2,2,FROST-DOA,FROST-DOA,0.2739202143377939,0.2287749112148578,2,1.0,0,0.0
U6_coherent_K2#0072,U6_coherent_K2,2,FROST-DOA,FROST-DOA,0.513927021752733,0.5044284888314938,2,1.0,0,0.0
U6_coherent_K2#0073,U6_coherent_K2,2,FROST-DOA,FROST-DOA,0.45458319458662,0.4356407243351281,2,1.0,0,0.0
U6_coherent_K2#0074,U6_coherent_K2,2,FROST-DOA,FROST-DOA,0.7677012651536519,0.7494999064609749,2,1.0,0,0.0
U6_coherent_K2#0075,U6_coherent_K2,2,FROST-DOA,FROST-DOA,0.306304090538246,0.299015993702767,2,1.0,0,0.0
U6_coherent_K2#0076,U6_coherent_K2,2,FROST-DOA,FROST-DOA,17.68182099512424,12.757106449529072,4,0.0,2,1.0
U6_coherent_K2#0077,U6_coherent_K2,2,FROST-DOA,FROST-DOA,0.5149580377485339,0.4943429493548876,2,1.0,0,0.0
U6_coherent_K2#0078,U6_coherent_K2,2,FROST-DOA,FROST-DOA,2.468328504267113,2.4254840477938227,2,1.0,0,0.0
U6_coherent_K2#0079,U6_coherent_K2,2,FROST-DOA,FROST-DOA,0.3907386261832569,0.3721889893116206,2,1.0,0,0.0
U6_coherent_K2#0080,U6_coherent_K2,2,FROST-DOA,FROST-DOA,0.3488548319148072,0.3358931143218583,2,1.0,0,0.0
U6_coherent_K2#0081,U6_coherent_K2,2,FROST-DOA,FROST-DOA,1.151157814207307,1.1465534485088966,2,1.0,0,0.0
U6_coherent_K2#0082,U6_coherent_K2,2,FROST-DOA,FROST-DOA,0.4181080003396769,0.408448482782318,2,1.0,0,0.0
U6_coherent_K2#0083,U6_coherent_K2,2,FROST-DOA,FROST-DOA,1.0637073122457164,1.0383391451137136,2,1.0,0,0.0
U6_coherent_K2#0084,U6_coherent_K2,2,FROST-DOA,FROST-DOA,1.060403471385172,1.0076521933377016,2,1.0,0,0.0
U6_coherent_K2#0085,U6_coherent_K2,2,FROST-DOA,FROST-DOA,0.396605039837743,0.3477550483428722,2,1.0,0,0.0
U6_coherent_K2#0086,U6_coherent_K2,2,FROST-DOA,FROST-DOA,2.2139528161434705,2.196529506175775,2,1.0,0,0.0
U6_coherent_K2#0087,U6_coherent_K2,2,FROST-DOA,FROST-DOA,0.6699643702761086,0.6415501178261511,2,1.0,0,0.0
U6_coherent_K2#0088,U6_coherent_K2,2,FROST-DOA,FROST-DOA,0.6216528796409394,0.4592348974295648,2,1.0,0,0.0
U6_coherent_K2#0089,U6_coherent_K2,2,FROST-DOA,FROST-DOA,0.0767085757105646,0.0699293266373435,2,1.0,0,0.0
U6_coherent_K2#0090,U6_coherent_K2,2,FROST-DOA,FROST-DOA,1.0018786920985918,0.9327223373596744,2,1.0,0,0.0
U6_coherent_K2#0091,U6_coherent_K2,2,FROST-DOA,FROST-DOA,0.2243127808403337,0.2243075831057766,2,1.0,0,0.0
U6_coherent_K2#0092,U6_coherent_K2,2,FROST-DOA,FROST-DOA,0.910843536724898,0.674759726485044,2,1.0,0,0.0
U6_coherent_K2#0093,U6_coherent_K2,2,FROST-DOA,FROST-DOA,0.2370557763534781,0.2242274700940518,2,1.0,0,0.0
U6_coherent_K2#0094,U6_coherent_K2,2,FROST-DOA,FROST-DOA,1.235374252514413,0.9150003187965368,2,1.0,0,0.0
U6_coherent_K2#0095,U6_coherent_K2,2,FROST-DOA,FROST-DOA,0.0674857322468818,0.067350495132306,2,1.0,0,0.0
U6_coherent_K2#0096,U6_coherent_K2,2,FROST-DOA,FROST-DOA,1.0130095335198066,1.0121921747828386,2,1.0,0,0.0
U6_coherent_K2#0097,U6_coherent_K2,2,FROST-DOA,FROST-DOA,0.4184445324090594,0.3266270849025083,2,1.0,0,0.0
U6_coherent_K2#0098,U6_coherent_K2,2,FROST-DOA,FROST-DOA,1.2434911166425748,1.0867343981229671,2,1.0,0,0.0
U6_coherent_K2#0099,U6_coherent_K2,2,FROST-DOA,FROST-DOA,0.7620810811200618,0.6480427925157999,2,1.0,0,0.0
U7_coherent_K3#0000,U7_coherent_K3,3,FROST-DOA,FROST-DOA,3.619684819968761,2.932778594700572,3,1.0,0,0.0
U7_coherent_K3#0001,U7_coherent_K3,3,FROST-DOA,FROST-DOA,0.8120143720626368,0.625009056556299,3,1.0,0,0.0
U7_coherent_K3#0002,U7_coherent_K3,3,FROST-DOA,FROST-DOA,1.248539326382201,1.080978107007413,3,1.0,0,0.0
U7_coherent_K3#0003,U7_coherent_K3,3,FROST-DOA,FROST-DOA,2.084900228157675,2.0715285299243,3,1.0,0,0.0
U7_coherent_K3#0004,U7_coherent_K3,3,FROST-DOA,FROST-DOA,0.5125839127029388,0.3918727477127432,3,1.0,0,0.0
U7_coherent_K3#0005,U7_coherent_K3,3,FROST-DOA,FROST-DOA,4.89054124944644,4.414796864041018,3,1.0,0,0.0
U7_coherent_K3#0006,U7_coherent_K3,3,FROST-DOA,FROST-DOA,0.4612471224028633,0.4516384461677679,3,1.0,0,0.0
U7_coherent_K3#0007,U7_coherent_K3,3,FROST-DOA,FROST-DOA,2.8744898823730067,2.6218583631303853,3,1.0,0,0.0
U7_coherent_K3#0008,U7_coherent_K3,3,FROST-DOA,FROST-DOA,1.1578618090338388,0.9789928545367592,3,1.0,0,0.0
U7_coherent_K3#0009,U7_coherent_K3,3,FROST-DOA,FROST-DOA,0.7071118612044296,0.6790885498357241,3,1.0,0,0.0
U7_coherent_K3#0010,U7_coherent_K3,3,FROST-DOA,FROST-DOA,2.4397252680956525,1.9775874442505688,3,1.0,0,0.0
U7_coherent_K3#0011,U7_coherent_K3,3,FROST-DOA,FROST-DOA,1.2576625788944606,1.214690386957838,3,1.0,0,0.0
U7_coherent_K3#0012,U7_coherent_K3,3,FROST-DOA,FROST-DOA,1.4819327931633457,1.4799269375108934,3,1.0,0,0.0
U7_coherent_K3#0013,U7_coherent_K3,3,FROST-DOA,FROST-DOA,0.6633943864367963,0.4747553913965916,3,1.0,0,0.0
U7_coherent_K3#0014,U7_coherent_K3,3,FROST-DOA,FROST-DOA,12.663195668413852,7.745753179541955,4,0.0,1,1.0
U7_coherent_K3#0015,U7_coherent_K3,3,FROST-DOA,FROST-DOA,14.643066364724824,10.280740725268302,2,0.0,1,1.0
U7_coherent_K3#0016,U7_coherent_K3,3,FROST-DOA,FROST-DOA,0.9945319942056632,0.9916847009210727,3,1.0,0,0.0
U7_coherent_K3#0017,U7_coherent_K3,3,FROST-DOA,FROST-DOA,0.7001948302574935,0.5380028588458151,3,1.0,0,0.0
U7_coherent_K3#0018,U7_coherent_K3,3,FROST-DOA,FROST-DOA,0.3310133963625455,0.2696206910560826,3,1.0,0,0.0
U7_coherent_K3#0019,U7_coherent_K3,3,FROST-DOA,FROST-DOA,0.947779041979382,0.9312180887317544,3,1.0,0,0.0
U7_coherent_K3#0020,U7_coherent_K3,3,FROST-DOA,FROST-DOA,12.625273581821292,7.365347699106939,4,0.0,1,1.0
U7_coherent_K3#0021,U7_coherent_K3,3,FROST-DOA,FROST-DOA,8.511496815708657,6.0086549741510895,3,1.0,0,1.0
U7_coherent_K3#0022,U7_coherent_K3,3,FROST-DOA,FROST-DOA,1.8203817963566329,1.580130096987712,3,1.0,0,0.0
U7_coherent_K3#0023,U7_coherent_K3,3,FROST-DOA,FROST-DOA,0.6850092327216928,0.5882535765557627,3,1.0,0,0.0
U7_coherent_K3#0024,U7_coherent_K3,3,FROST-DOA,FROST-DOA,15.265161346672508,11.62201735650098,2,0.0,1,1.0
U7_coherent_K3#0025,U7_coherent_K3,3,FROST-DOA,FROST-DOA,1.7768247635533565,1.4005536295949998,3,1.0,0,0.0
U7_coherent_K3#0026,U7_coherent_K3,3,FROST-DOA,FROST-DOA,1.1224522686468004,1.1120230757550544,3,1.0,0,0.0
U7_coherent_K3#0027,U7_coherent_K3,3,FROST-DOA,FROST-DOA,2.011654811789918,1.4968545736981012,3,1.0,0,0.0
U7_coherent_K3#0028,U7_coherent_K3,3,FROST-DOA,FROST-DOA,2.483312973495375,1.9388822332964064,3,1.0,0,0.0
U7_coherent_K3#0029,U7_coherent_K3,3,FROST-DOA,FROST-DOA,0.4259461577923586,0.3987156397692131,3,1.0,0,0.0
U7_coherent_K3#0030,U7_coherent_K3,3,FROST-DOA,FROST-DOA,1.505552255064447,1.1839930688808629,3,1.0,0,0.0
U7_coherent_K3#0031,U7_coherent_K3,3,FROST-DOA,FROST-DOA,0.985682478461228,0.9551898586569992,3,1.0,0,0.0
U7_coherent_K3#0032,U7_coherent_K3,3,FROST-DOA,FROST-DOA,4.497599076094855,4.2247487860362725,3,1.0,0,0.0
U7_coherent_K3#0033,U7_coherent_K3,3,FROST-DOA,FROST-DOA,0.9569440377687276,0.7642231851317097,3,1.0,0,0.0
U7_coherent_K3#0034,U7_coherent_K3,3,FROST-DOA,FROST-DOA,0.7124083659644002,0.5955331714812017,3,1.0,0,0.0
U7_coherent_K3#0035,U7_coherent_K3,3,FROST-DOA,FROST-DOA,0.9773092948452592,0.8263746300802962,3,1.0,0,0.0
U7_coherent_K3#0036,U7_coherent_K3,3,FROST-DOA,FROST-DOA,1.0682653859762334,1.036943188032616,3,1.0,0,0.0
U7_coherent_K3#0037,U7_coherent_K3,3,FROST-DOA,FROST-DOA,0.9984602149139636,0.9270735523551922,3,1.0,0,0.0
U7_coherent_K3#0038,U7_coherent_K3,3,FROST-DOA,FROST-DOA,2.901895464471582,2.849057911587645,3,1.0,0,0.0
U7_coherent_K3#0039,U7_coherent_K3,3,FROST-DOA,FROST-DOA,12.566761713233854,7.294628043445669,4,0.0,1,1.0
U7_coherent_K3#0040,U7_coherent_K3,3,FROST-DOA,FROST-DOA,1.570007833432143,1.3105464042271902,3,1.0,0,0.0
U7_coherent_K3#0041,U7_coherent_K3,3,FROST-DOA,FROST-DOA,1.3658240550117156,1.2053664406568518,3,1.0,0,0.0
U7_coherent_K3#0042,U7_coherent_K3,3,FROST-DOA,FROST-DOA,0.4120504768232177,0.3830149880211315,3,1.0,0,0.0
U7_coherent_K3#0043,U7_coherent_K3,3,FROST-DOA,FROST-DOA,1.6699731894295746,1.5649812275693389,3,1.0,0,0.0
U7_coherent_K3#0044,U7_coherent_K3,3,FROST-DOA,FROST-DOA,14.45647933393329,8.872772915376453,2,0.0,1,1.0
U7_coherent_K3#0045,U7_coherent_K3,3,FROST-DOA,FROST-DOA,12.502654186673254,6.448641499709362,4,0.0,1,1.0
U7_coherent_K3#0046,U7_coherent_K3,3,FROST-DOA,FROST-DOA,0.932803049852123,0.917438808733912,3,1.0,0,0.0
U7_coherent_K3#0047,U7_coherent_K3,3,FROST-DOA,FROST-DOA,12.644587478558622,7.581800024051448,4,0.0,1,1.0
U7_coherent_K3#0048,U7_coherent_K3,3,FROST-DOA,FROST-DOA,7.078769687034782,4.79178017257739,3,1.0,0,1.0
U7_coherent_K3#0049,U7_coherent_K3,3,FROST-DOA,FROST-DOA,3.720683459941296,3.448936907494543,3,1.0,0,0.0
U7_coherent_K3#0050,U7_coherent_K3,3,FROST-DOA,FROST-DOA,3.13804288254913,2.615597599305896,3,1.0,0,0.0
U7_coherent_K3#0051,U7_coherent_K3,3,FROST-DOA,FROST-DOA,12.735114557631018,8.180261931030513,4,0.0,1,1.0
U7_coherent_K3#0052,U7_coherent_K3,3,FROST-DOA,FROST-DOA,3.3108738512788167,2.967171066628808,3,1.0,0,0.0
U7_coherent_K3#0053,U7_coherent_K3,3,FROST-DOA,FROST-DOA,0.7304170819284035,0.6409594303252106,3,1.0,0,0.0
U7_coherent_K3#0054,U7_coherent_K3,3,FROST-DOA,FROST-DOA,12.782174585985356,8.386736312427443,4,0.0,1,1.0
U7_coherent_K3#0055,U7_coherent_K3,3,FROST-DOA,FROST-DOA,1.8439716604378773,1.7646834987219908,3,1.0,0,0.0
U7_coherent_K3#0056,U7_coherent_K3,3,FROST-DOA,FROST-DOA,1.0681525443364974,0.8697924602127974,3,1.0,0,0.0
U7_coherent_K3#0057,U7_coherent_K3,3,FROST-DOA,FROST-DOA,4.983627487255752,3.353261319054932,3,1.0,0,0.0
U7_coherent_K3#0058,U7_coherent_K3,3,FROST-DOA,FROST-DOA,0.9445607324978472,0.9244054414665586,3,1.0,0,0.0
U7_coherent_K3#0059,U7_coherent_K3,3,FROST-DOA,FROST-DOA,12.571016105409765,7.345462770331915,4,0.0,1,1.0
U7_coherent_K3#0060,U7_coherent_K3,3,FROST-DOA,FROST-DOA,1.5993766592286645,1.5858891311569632,3,1.0,0,0.0
U7_coherent_K3#0061,U7_coherent_K3,3,FROST-DOA,FROST-DOA,3.574059413572767,3.50170811417564,3,1.0,0,0.0
U7_coherent_K3#0062,U7_coherent_K3,3,FROST-DOA,FROST-DOA,14.469990394558677,9.156439665722557,2,0.0,1,1.0
U7_coherent_K3#0063,U7_coherent_K3,3,FROST-DOA,FROST-DOA,4.4360342440339045,3.9017822056123017,3,1.0,0,0.0
U7_coherent_K3#0064,U7_coherent_K3,3,FROST-DOA,FROST-DOA,0.9254563603073102,0.7557962806325116,3,1.0,0,0.0
U7_coherent_K3#0065,U7_coherent_K3,3,FROST-DOA,FROST-DOA,4.615277935980967,4.232979558933043,3,1.0,0,0.0
U7_coherent_K3#0066,U7_coherent_K3,3,FROST-DOA,FROST-DOA,14.648016049692536,9.993645663196508,2,0.0,1,1.0
U7_coherent_K3#0067,U7_coherent_K3,3,FROST-DOA,FROST-DOA,2.5672631072139773,2.1240852919787425,3,1.0,0,0.0
U7_coherent_K3#0068,U7_coherent_K3,3,FROST-DOA,FROST-DOA,2.920236600070517,2.571874768770684,3,1.0,0,0.0
U7_coherent_K3#0069,U7_coherent_K3,3,FROST-DOA,FROST-DOA,3.623948354039812,3.4097652190041443,3,1.0,0,0.0
U7_coherent_K3#0070,U7_coherent_K3,3,FROST-DOA,FROST-DOA,12.74859446462135,7.661165534327091,4,0.0,1,1.0
U7_coherent_K3#0071,U7_coherent_K3,3,FROST-DOA,FROST-DOA,0.6798639163890242,0.53160062758494,3,1.0,0,0.0
U7_coherent_K3#0072,U7_coherent_K3,3,FROST-DOA,FROST-DOA,0.6400795463370983,0.6085034577878368,3,1.0,0,0.0
U7_coherent_K3#0073,U7_coherent_K3,3,FROST-DOA,FROST-DOA,1.495031999286959,1.304573717094615,3,1.0,0,0.0
U7_coherent_K3#0074,U7_coherent_K3,3,FROST-DOA,FROST-DOA,12.509052560924154,6.587080423572918,4,0.0,1,1.0
U7_coherent_K3#0075,U7_coherent_K3,3,FROST-DOA,FROST-DOA,0.6294142775260029,0.5154785060650351,3,1.0,0,0.0
U7_coherent_K3#0076,U7_coherent_K3,3,FROST-DOA,FROST-DOA,12.928497911783454,8.74555728494651,4,0.0,1,1.0
U7_coherent_K3#0077,U7_coherent_K3,3,FROST-DOA,FROST-DOA,0.7245929426032047,0.6824433091649936,3,1.0,0,0.0
U7_coherent_K3#0078,U7_coherent_K3,3,FROST-DOA,FROST-DOA,0.5690230581062485,0.5426998808526987,3,1.0,0,0.0
U7_coherent_K3#0079,U7_coherent_K3,3,FROST-DOA,FROST-DOA,12.510688599842243,6.673883855732694,4,0.0,1,1.0
U7_coherent_K3#0080,U7_coherent_K3,3,FROST-DOA,FROST-DOA,0.6742841168938151,0.6483332615149848,3,1.0,0,0.0
U7_coherent_K3#0081,U7_coherent_K3,3,FROST-DOA,FROST-DOA,12.551317632913385,7.118196918701185,4,0.0,1,1.0
U7_coherent_K3#0082,U7_coherent_K3,3,FROST-DOA,FROST-DOA,20.429270616621064,17.145704334103556,1,0.0,2,1.0
U7_coherent_K3#0083,U7_coherent_K3,3,FROST-DOA,FROST-DOA,0.5682945101732302,0.4562143972860658,3,1.0,0,0.0
U7_coherent_K3#0084,U7_coherent_K3,3,FROST-DOA,FROST-DOA,12.924616101353218,8.215227002954315,4,0.0,1,1.0
U7_coherent_K3#0085,U7_coherent_K3,3,FROST-DOA,FROST-DOA,2.77593105304553,2.4909676574844126,3,1.0,0,0.0
U7_coherent_K3#0086,U7_coherent_K3,3,FROST-DOA,FROST-DOA,12.631123855607926,7.59339719842944,4,0.0,1,1.0
U7_coherent_K3#0087,U7_coherent_K3,3,FROST-DOA,FROST-DOA,12.521449660349672,6.73765769285728,4,0.0,1,1.0
U7_coherent_K3#0088,U7_coherent_K3,3,FROST-DOA,FROST-DOA,12.700710223272296,7.833149041100511,4,0.0,1,1.0
U7_coherent_K3#0089,U7_coherent_K3,3,FROST-DOA,FROST-DOA,2.383866626265727,2.0722191577591693,3,1.0,0,0.0
U7_coherent_K3#0090,U7_coherent_K3,3,FROST-DOA,FROST-DOA,1.7731080545032183,1.1681746684384728,3,1.0,0,0.0
U7_coherent_K3#0091,U7_coherent_K3,3,FROST-DOA,FROST-DOA,1.1666613812051774,0.9812212978491702,3,1.0,0,0.0
U7_coherent_K3#0092,U7_coherent_K3,3,FROST-DOA,FROST-DOA,0.8887233583816321,0.8453335153561632,3,1.0,0,0.0
U7_coherent_K3#0093,U7_coherent_K3,3,FROST-DOA,FROST-DOA,12.507536566086223,6.596896237715648,4,0.0,1,1.0
U7_coherent_K3#0094,U7_coherent_K3,3,FROST-DOA,FROST-DOA,1.3598109406856391,1.089772214948411,3,1.0,0,0.0
U7_coherent_K3#0095,U7_coherent_K3,3,FROST-DOA,FROST-DOA,1.3533513909869903,1.245826700839468,3,1.0,0,0.0
U7_coherent_K3#0096,U7_coherent_K3,3,FROST-DOA,FROST-DOA,0.2969851937344021,0.2528659104811826,3,1.0,0,0.0
U7_coherent_K3#0097,U7_coherent_K3,3,FROST-DOA,FROST-DOA,1.2920223160872748,1.259124067792924,3,1.0,0,0.0
U7_coherent_K3#0098,U7_coherent_K3,3,FROST-DOA,FROST-DOA,12.61312566860556,7.626079593839751,4,0.0,1,1.0
U7_coherent_K3#0099,U7_coherent_K3,3,FROST-DOA,FROST-DOA,5.582704946470735,4.1552398693856105,3,1.0,0,1.0
U8_mismatch_K2#0000,U8_mismatch_K2,2,FROST-DOA,FROST-DOA,0.1703519491191052,0.1453334659391707,2,1.0,0,0.0
U8_mismatch_K2#0001,U8_mismatch_K2,2,FROST-DOA,FROST-DOA,1.6566243983039932,1.6116100224333874,2,1.0,0,0.0
U8_mismatch_K2#0002,U8_mismatch_K2,2,FROST-DOA,FROST-DOA,0.8567782910704087,0.6338978197914851,2,1.0,0,0.0
U8_mismatch_K2#0003,U8_mismatch_K2,2,FROST-DOA,FROST-DOA,0.9712209321108314,0.919230428007726,2,1.0,0,0.0
U8_mismatch_K2#0004,U8_mismatch_K2,2,FROST-DOA,FROST-DOA,0.2616513621920432,0.2560495367105051,2,1.0,0,0.0
U8_mismatch_K2#0005,U8_mismatch_K2,2,FROST-DOA,FROST-DOA,0.817589999292198,0.7993127579258594,2,1.0,0,0.0
U8_mismatch_K2#0006,U8_mismatch_K2,2,FROST-DOA,FROST-DOA,0.1250624043603303,0.1023814577674659,2,1.0,0,0.0
U8_mismatch_K2#0007,U8_mismatch_K2,2,FROST-DOA,FROST-DOA,0.7056231304436836,0.6013970515316478,2,1.0,0,0.0
U8_mismatch_K2#0008,U8_mismatch_K2,2,FROST-DOA,FROST-DOA,0.4789986005393878,0.4513010688188501,2,1.0,0,0.0
U8_mismatch_K2#0009,U8_mismatch_K2,2,FROST-DOA,FROST-DOA,0.668530885657778,0.6394401094013595,2,1.0,0,0.0
U8_mismatch_K2#0010,U8_mismatch_K2,2,FROST-DOA,FROST-DOA,0.4497721251407755,0.4137768669829569,2,1.0,0,0.0
U8_mismatch_K2#0011,U8_mismatch_K2,2,FROST-DOA,FROST-DOA,0.7498559792482918,0.717415071624627,2,1.0,0,0.0
U8_mismatch_K2#0012,U8_mismatch_K2,2,FROST-DOA,FROST-DOA,0.3898203519926966,0.2812310176066974,2,1.0,0,0.0
U8_mismatch_K2#0013,U8_mismatch_K2,2,FROST-DOA,FROST-DOA,0.5572156976166901,0.4217485541304491,2,1.0,0,0.0
U8_mismatch_K2#0014,U8_mismatch_K2,2,FROST-DOA,FROST-DOA,0.3876794894514558,0.3876781787802228,2,1.0,0,0.0
U8_mismatch_K2#0015,U8_mismatch_K2,2,FROST-DOA,FROST-DOA,0.7046587761882213,0.5705535104325072,2,1.0,0,0.0
U8_mismatch_K2#0016,U8_mismatch_K2,2,FROST-DOA,FROST-DOA,1.4874994958658607,1.4653242925089511,2,1.0,0,0.0
U8_mismatch_K2#0017,U8_mismatch_K2,2,FROST-DOA,FROST-DOA,1.0470644233530464,0.9707721234678122,2,1.0,0,0.0
U8_mismatch_K2#0018,U8_mismatch_K2,2,FROST-DOA,FROST-DOA,0.1614000495012698,0.1296380034602186,2,1.0,0,0.0
U8_mismatch_K2#0019,U8_mismatch_K2,2,FROST-DOA,FROST-DOA,17.742374650781553,13.570480791209231,1,0.0,1,1.0
U8_mismatch_K2#0020,U8_mismatch_K2,2,FROST-DOA,FROST-DOA,0.4246016506078369,0.3012255859286061,2,1.0,0,0.0
U8_mismatch_K2#0021,U8_mismatch_K2,2,FROST-DOA,FROST-DOA,0.1721715041626792,0.1379681583807923,2,1.0,0,0.0
U8_mismatch_K2#0022,U8_mismatch_K2,2,FROST-DOA,FROST-DOA,0.4047604347902816,0.4045909770261104,2,1.0,0,0.0
U8_mismatch_K2#0023,U8_mismatch_K2,2,FROST-DOA,FROST-DOA,1.852475571225968,1.7378359823985807,2,1.0,0,0.0
U8_mismatch_K2#0024,U8_mismatch_K2,2,FROST-DOA,FROST-DOA,1.01253570296002,0.929046212843252,2,1.0,0,0.0
U8_mismatch_K2#0025,U8_mismatch_K2,2,FROST-DOA,FROST-DOA,1.0696747985390702,1.059914994619824,2,1.0,0,0.0
U8_mismatch_K2#0026,U8_mismatch_K2,2,FROST-DOA,FROST-DOA,0.5642449780337453,0.5577292509321623,2,1.0,0,0.0
U8_mismatch_K2#0027,U8_mismatch_K2,2,FROST-DOA,FROST-DOA,0.6234233810426612,0.6201847118808246,2,1.0,0,0.0
U8_mismatch_K2#0028,U8_mismatch_K2,2,FROST-DOA,FROST-DOA,1.3015994185299329,1.0089390634089312,2,1.0,0,0.0
U8_mismatch_K2#0029,U8_mismatch_K2,2,FROST-DOA,FROST-DOA,17.726712876479098,13.431758929425907,1,0.0,1,1.0
U8_mismatch_K2#0030,U8_mismatch_K2,2,FROST-DOA,FROST-DOA,1.4293621340324063,1.4144401332150889,2,1.0,0,0.0
U8_mismatch_K2#0031,U8_mismatch_K2,2,FROST-DOA,FROST-DOA,1.1850042688120812,1.0848865913462653,2,1.0,0,0.0
U8_mismatch_K2#0032,U8_mismatch_K2,2,FROST-DOA,FROST-DOA,1.3935375739245563,1.3313483074063086,2,1.0,0,0.0
U8_mismatch_K2#0033,U8_mismatch_K2,2,FROST-DOA,FROST-DOA,0.7177399046511531,0.6826201710435447,2,1.0,0,0.0
U8_mismatch_K2#0034,U8_mismatch_K2,2,FROST-DOA,FROST-DOA,0.5563714080691093,0.554897565781669,2,1.0,0,0.0
U8_mismatch_K2#0035,U8_mismatch_K2,2,FROST-DOA,FROST-DOA,0.3878049349047628,0.37974809333311,2,1.0,0,0.0
U8_mismatch_K2#0036,U8_mismatch_K2,2,FROST-DOA,FROST-DOA,0.7705941790046481,0.768354654800818,2,1.0,0,0.0
U8_mismatch_K2#0037,U8_mismatch_K2,2,FROST-DOA,FROST-DOA,1.1624008434012911,1.1614393591061545,2,1.0,0,0.0
U8_mismatch_K2#0038,U8_mismatch_K2,2,FROST-DOA,FROST-DOA,0.2765712406951732,0.239502477524848,2,1.0,0,0.0
U8_mismatch_K2#0039,U8_mismatch_K2,2,FROST-DOA,FROST-DOA,1.1711326068484955,1.1139093816504175,2,1.0,0,0.0
U8_mismatch_K2#0040,U8_mismatch_K2,2,FROST-DOA,FROST-DOA,0.5275309947763378,0.5148782285825986,2,1.0,0,0.0
U8_mismatch_K2#0041,U8_mismatch_K2,2,FROST-DOA,FROST-DOA,17.680274368688035,12.682484964696336,4,0.0,2,1.0
U8_mismatch_K2#0042,U8_mismatch_K2,2,FROST-DOA,FROST-DOA,1.0720278979133355,1.044495998533476,2,1.0,0,0.0
U8_mismatch_K2#0043,U8_mismatch_K2,2,FROST-DOA,FROST-DOA,0.6391081007084431,0.6323396319573025,2,1.0,0,0.0
U8_mismatch_K2#0044,U8_mismatch_K2,2,FROST-DOA,FROST-DOA,0.3658906451809525,0.2631900012591384,2,1.0,0,0.0
U8_mismatch_K2#0045,U8_mismatch_K2,2,FROST-DOA,FROST-DOA,0.4564273734103358,0.4525714059018337,2,1.0,0,0.0
U8_mismatch_K2#0046,U8_mismatch_K2,2,FROST-DOA,FROST-DOA,0.2972888403583812,0.2150879939322507,2,1.0,0,0.0
U8_mismatch_K2#0047,U8_mismatch_K2,2,FROST-DOA,FROST-DOA,0.1467089731160915,0.1418172841098126,2,1.0,0,0.0
U8_mismatch_K2#0048,U8_mismatch_K2,2,FROST-DOA,FROST-DOA,17.763429264032368,13.732765025923737,1,0.0,1,1.0
U8_mismatch_K2#0049,U8_mismatch_K2,2,FROST-DOA,FROST-DOA,0.2095863661034405,0.2071676290034574,2,1.0,0,0.0
U8_mismatch_K2#0050,U8_mismatch_K2,2,FROST-DOA,FROST-DOA,0.5870006236480628,0.5839372017132929,2,1.0,0,0.0
U8_mismatch_K2#0051,U8_mismatch_K2,2,FROST-DOA,FROST-DOA,0.697489821891936,0.5441193194338414,2,1.0,0,0.0
U8_mismatch_K2#0052,U8_mismatch_K2,2,FROST-DOA,FROST-DOA,0.8265396251412093,0.8147258721316728,2,1.0,0,0.0
U8_mismatch_K2#0053,U8_mismatch_K2,2,FROST-DOA,FROST-DOA,22.24338398521813,16.487930188953328,2,1.0,0,1.0
U8_mismatch_K2#0054,U8_mismatch_K2,2,FROST-DOA,FROST-DOA,0.9451159920187464,0.937441961191306,2,1.0,0,0.0
U8_mismatch_K2#0055,U8_mismatch_K2,2,FROST-DOA,FROST-DOA,0.6460196520647965,0.6436520009269167,2,1.0,0,0.0
U8_mismatch_K2#0056,U8_mismatch_K2,2,FROST-DOA,FROST-DOA,0.9424083423136224,0.6745663767145764,2,1.0,0,0.0
U8_mismatch_K2#0057,U8_mismatch_K2,2,FROST-DOA,FROST-DOA,0.710972322577002,0.6080914501862136,2,1.0,0,0.0
U8_mismatch_K2#0058,U8_mismatch_K2,2,FROST-DOA,FROST-DOA,0.7121599787733507,0.6816140964932762,2,1.0,0,0.0
U8_mismatch_K2#0059,U8_mismatch_K2,2,FROST-DOA,FROST-DOA,0.3934013482440606,0.3784010487948297,2,1.0,0,0.0
U8_mismatch_K2#0060,U8_mismatch_K2,2,FROST-DOA,FROST-DOA,0.3727978656776124,0.3724499356740747,2,1.0,0,0.0
U8_mismatch_K2#0061,U8_mismatch_K2,2,FROST-DOA,FROST-DOA,17.784860267125946,13.878632424033905,1,0.0,1,1.0
U8_mismatch_K2#0062,U8_mismatch_K2,2,FROST-DOA,FROST-DOA,0.8431233792351955,0.8279890904162706,2,1.0,0,0.0
U8_mismatch_K2#0063,U8_mismatch_K2,2,FROST-DOA,FROST-DOA,0.4875586214505994,0.42893828296131,2,1.0,0,0.0
U8_mismatch_K2#0064,U8_mismatch_K2,2,FROST-DOA,FROST-DOA,0.890157336712382,0.7369054407443514,2,1.0,0,0.0
U8_mismatch_K2#0065,U8_mismatch_K2,2,FROST-DOA,FROST-DOA,0.2715059638376926,0.2704885994749766,2,1.0,0,0.0
U8_mismatch_K2#0066,U8_mismatch_K2,2,FROST-DOA,FROST-DOA,1.3900361249328703,1.1257276885431882,2,1.0,0,0.0
U8_mismatch_K2#0067,U8_mismatch_K2,2,FROST-DOA,FROST-DOA,0.3534324115097645,0.3476983041348926,2,1.0,0,0.0
U8_mismatch_K2#0068,U8_mismatch_K2,2,FROST-DOA,FROST-DOA,0.8191983346848836,0.6047984700069424,2,1.0,0,0.0
U8_mismatch_K2#0069,U8_mismatch_K2,2,FROST-DOA,FROST-DOA,0.6221270796744559,0.4689915470183783,2,1.0,0,0.0
U8_mismatch_K2#0070,U8_mismatch_K2,2,FROST-DOA,FROST-DOA,0.114007214464487,0.0930439478150546,2,1.0,0,0.0
U8_mismatch_K2#0071,U8_mismatch_K2,2,FROST-DOA,FROST-DOA,17.82824640873781,14.134987769170268,1,0.0,1,1.0
U8_mismatch_K2#0072,U8_mismatch_K2,2,FROST-DOA,FROST-DOA,0.4361418149347298,0.4239174355341699,2,1.0,0,0.0
U8_mismatch_K2#0073,U8_mismatch_K2,2,FROST-DOA,FROST-DOA,2.2591807034580507,1.619890231168247,2,1.0,0,0.0
U8_mismatch_K2#0074,U8_mismatch_K2,2,FROST-DOA,FROST-DOA,1.0803536225176562,1.0668836991183852,2,1.0,0,0.0
U8_mismatch_K2#0075,U8_mismatch_K2,2,FROST-DOA,FROST-DOA,0.6196201915080334,0.611820251924291,2,1.0,0,0.0
U8_mismatch_K2#0076,U8_mismatch_K2,2,FROST-DOA,FROST-DOA,0.8472227785134248,0.8154961610885341,2,1.0,0,0.0
U8_mismatch_K2#0077,U8_mismatch_K2,2,FROST-DOA,FROST-DOA,0.0551028312198063,0.051483905579186,2,1.0,0,0.0
U8_mismatch_K2#0078,U8_mismatch_K2,2,FROST-DOA,FROST-DOA,0.904434005911904,0.8657387014136932,2,1.0,0,0.0
U8_mismatch_K2#0079,U8_mismatch_K2,2,FROST-DOA,FROST-DOA,0.3233625751957217,0.3172181561590754,2,1.0,0,0.0
U8_mismatch_K2#0080,U8_mismatch_K2,2,FROST-DOA,FROST-DOA,0.3775762818468954,0.2722026928290928,2,1.0,0,0.0
U8_mismatch_K2#0081,U8_mismatch_K2,2,FROST-DOA,FROST-DOA,0.2879011442663395,0.2499698980676639,2,1.0,0,0.0
U8_mismatch_K2#0082,U8_mismatch_K2,2,FROST-DOA,FROST-DOA,1.6106598319156953,1.538689963061639,2,1.0,0,0.0
U8_mismatch_K2#0083,U8_mismatch_K2,2,FROST-DOA,FROST-DOA,0.7517391838593335,0.6168992009065607,2,1.0,0,0.0
U8_mismatch_K2#0084,U8_mismatch_K2,2,FROST-DOA,FROST-DOA,0.4561626901451464,0.4555985308307511,2,1.0,0,0.0
U8_mismatch_K2#0085,U8_mismatch_K2,2,FROST-DOA,FROST-DOA,0.320630710612804,0.2975254200300612,2,1.0,0,0.0
U8_mismatch_K2#0086,U8_mismatch_K2,2,FROST-DOA,FROST-DOA,0.4779596223967403,0.4717131473458114,2,1.0,0,0.0
U8_mismatch_K2#0087,U8_mismatch_K2,2,FROST-DOA,FROST-DOA,0.5120436776092008,0.5067822756945795,2,1.0,0,0.0
U8_mismatch_K2#0088,U8_mismatch_K2,2,FROST-DOA,FROST-DOA,0.5677054202704357,0.5648025799047178,2,1.0,0,0.0
U8_mismatch_K2#0089,U8_mismatch_K2,2,FROST-DOA,FROST-DOA,0.6921311702848525,0.5755813538539609,2,1.0,0,0.0
U8_mismatch_K2#0090,U8_mismatch_K2,2,FROST-DOA,FROST-DOA,1.173671343139728,1.1513780307315784,2,1.0,0,0.0
U8_mismatch_K2#0091,U8_mismatch_K2,2,FROST-DOA,FROST-DOA,1.4007531334698426,1.3526501554738282,2,1.0,0,0.0
U8_mismatch_K2#0092,U8_mismatch_K2,2,FROST-DOA,FROST-DOA,2.037284109208805,1.9271583961401568,2,1.0,0,0.0
U8_mismatch_K2#0093,U8_mismatch_K2,2,FROST-DOA,FROST-DOA,0.660891930763381,0.6466862426546198,2,1.0,0,0.0
U8_mismatch_K2#0094,U8_mismatch_K2,2,FROST-DOA,FROST-DOA,0.2723997220583737,0.2008503298144504,2,1.0,0,0.0
U8_mismatch_K2#0095,U8_mismatch_K2,2,FROST-DOA,FROST-DOA,0.2908395139282613,0.241929095946384,2,1.0,0,0.0
U8_mismatch_K2#0096,U8_mismatch_K2,2,FROST-DOA,FROST-DOA,0.9603685650876036,0.8451552293083466,2,1.0,0,0.0
U8_mismatch_K2#0097,U8_mismatch_K2,2,FROST-DOA,FROST-DOA,17.7098563571094,13.25465627587936,1,0.0,1,1.0
U8_mismatch_K2#0098,U8_mismatch_K2,2,FROST-DOA,FROST-DOA,0.6360326769484079,0.5222172020965026,2,1.0,0,0.0
U8_mismatch_K2#0099,U8_mismatch_K2,2,FROST-DOA,FROST-DOA,0.8299244341854723,0.6943537940294746,2,1.0,0,0.0
U9_heavytail_K3#0000,U9_heavytail_K3,3,FROST-DOA,FROST-DOA,20.41371698764571,16.799801416736347,1,0.0,2,1.0
U9_heavytail_K3#0001,U9_heavytail_K3,3,FROST-DOA,FROST-DOA,0.8086633253976292,0.4981024774254337,3,1.0,0,0.0
U9_heavytail_K3#0002,U9_heavytail_K3,3,FROST-DOA,FROST-DOA,14.598023617156136,10.099182362148165,2,0.0,1,1.0
U9_heavytail_K3#0003,U9_heavytail_K3,3,FROST-DOA,FROST-DOA,1.3106614909511858,1.2721523008449236,3,1.0,0,0.0
U9_heavytail_K3#0004,U9_heavytail_K3,3,FROST-DOA,FROST-DOA,14.471248906449231,9.132470125938868,2,0.0,1,1.0
U9_heavytail_K3#0005,U9_heavytail_K3,3,FROST-DOA,FROST-DOA,14.614053825427453,10.199149507296802,2,0.0,1,1.0
U9_heavytail_K3#0006,U9_heavytail_K3,3,FROST-DOA,FROST-DOA,1.094245591749374,0.9062857691141584,3,1.0,0,0.0
U9_heavytail_K3#0007,U9_heavytail_K3,3,FROST-DOA,FROST-DOA,2.1773433407628584,1.9277601312211747,3,1.0,0,0.0
U9_heavytail_K3#0008,U9_heavytail_K3,3,FROST-DOA,FROST-DOA,0.7059556535776625,0.477577998545821,3,1.0,0,0.0
U9_heavytail_K3#0009,U9_heavytail_K3,3,FROST-DOA,FROST-DOA,6.695530975910698,5.750740856537848,3,1.0,0,1.0
U9_heavytail_K3#0010,U9_heavytail_K3,3,FROST-DOA,FROST-DOA,0.2911061997080908,0.2254882997994916,3,1.0,0,0.0
U9_heavytail_K3#0011,U9_heavytail_K3,3,FROST-DOA,FROST-DOA,12.55571213322568,7.154698294330191,4,0.0,1,1.0
U9_heavytail_K3#0012,U9_heavytail_K3,3,FROST-DOA,FROST-DOA,20.489974331900928,17.69499564374424,1,0.0,2,1.0
U9_heavytail_K3#0013,U9_heavytail_K3,3,FROST-DOA,FROST-DOA,1.589405343705209,1.4934892472173769,3,1.0,0,0.0
U9_heavytail_K3#0014,U9_heavytail_K3,3,FROST-DOA,FROST-DOA,0.6419315406599013,0.6323809962284904,3,1.0,0,0.0
U9_heavytail_K3#0015,U9_heavytail_K3,3,FROST-DOA,FROST-DOA,0.8296480332883597,0.5169141133650044,3,1.0,0,0.0
U9_heavytail_K3#0016,U9_heavytail_K3,3,FROST-DOA,FROST-DOA,1.0538929370640864,0.9924777635044392,3,1.0,0,0.0
U9_heavytail_K3#0017,U9_heavytail_K3,3,FROST-DOA,FROST-DOA,12.557932758097529,7.122036460964836,4,0.0,1,1.0
U9_heavytail_K3#0018,U9_heavytail_K3,3,FROST-DOA,FROST-DOA,1.5929014670032695,1.3692232120510208,3,1.0,0,0.0
U9_heavytail_K3#0019,U9_heavytail_K3,3,FROST-DOA,FROST-DOA,0.4518838180232544,0.4107685623993309,3,1.0,0,0.0
U9_heavytail_K3#0020,U9_heavytail_K3,3,FROST-DOA,FROST-DOA,1.5078291258775434,1.122245252011281,3,1.0,0,0.0
U9_heavytail_K3#0021,U9_heavytail_K3,3,FROST-DOA,FROST-DOA,1.5918176416779428,1.08199817070727,3,1.0,0,0.0
U9_heavytail_K3#0022,U9_heavytail_K3,3,FROST-DOA,FROST-DOA,14.605725506040956,9.791658531762163,2,0.0,1,1.0
U9_heavytail_K3#0023,U9_heavytail_K3,3,FROST-DOA,FROST-DOA,12.547712768875382,7.18407340557943,4,0.0,1,1.0
U9_heavytail_K3#0024,U9_heavytail_K3,3,FROST-DOA,FROST-DOA,12.518035996615067,6.651102677008904,4,0.0,1,1.0
U9_heavytail_K3#0025,U9_heavytail_K3,3,FROST-DOA,FROST-DOA,0.6818880460519863,0.6671125008279696,3,1.0,0,0.0
U9_heavytail_K3#0026,U9_heavytail_K3,3,FROST-DOA,FROST-DOA,12.631052898132122,7.568114450959208,4,0.0,1,1.0
U9_heavytail_K3#0027,U9_heavytail_K3,3,FROST-DOA,FROST-DOA,0.434746459742392,0.3985834519333813,3,1.0,0,0.0
U9_heavytail_K3#0028,U9_heavytail_K3,3,FROST-DOA,FROST-DOA,5.147298236803555,3.772088375602126,3,1.0,0,1.0
U9_heavytail_K3#0029,U9_heavytail_K3,3,FROST-DOA,FROST-DOA,1.5836865200589514,1.249369332196428,3,1.0,0,0.0
U9_heavytail_K3#0030,U9_heavytail_K3,3,FROST-DOA,FROST-DOA,3.185351307203105,3.005649224888965,3,1.0,0,0.0
U9_heavytail_K3#0031,U9_heavytail_K3,3,FROST-DOA,FROST-DOA,1.5474455174934727,1.2661218315917089,3,1.0,0,0.0
U9_heavytail_K3#0032,U9_heavytail_K3,3,FROST-DOA,FROST-DOA,20.511617792913988,17.82996625776076,1,0.0,2,1.0
U9_heavytail_K3#0033,U9_heavytail_K3,3,FROST-DOA,FROST-DOA,0.2513843432928183,0.2363663985397585,3,1.0,0,0.0
U9_heavytail_K3#0034,U9_heavytail_K3,3,FROST-DOA,FROST-DOA,5.450977358288191,4.248812501232894,3,1.0,0,1.0
U9_heavytail_K3#0035,U9_heavytail_K3,3,FROST-DOA,FROST-DOA,14.70874020495983,10.22690391546575,2,0.0,1,1.0
U9_heavytail_K3#0036,U9_heavytail_K3,3,FROST-DOA,FROST-DOA,2.176089625764457,2.024815158593741,3,1.0,0,0.0
U9_heavytail_K3#0037,U9_heavytail_K3,3,FROST-DOA,FROST-DOA,12.697162905294874,8.000064950412526,4,0.0,1,1.0
U9_heavytail_K3#0038,U9_heavytail_K3,3,FROST-DOA,FROST-DOA,0.4978116956145248,0.4490986222965271,3,1.0,0,0.0
U9_heavytail_K3#0039,U9_heavytail_K3,3,FROST-DOA,FROST-DOA,14.461249037166796,9.013746182998752,2,0.0,1,1.0
U9_heavytail_K3#0040,U9_heavytail_K3,3,FROST-DOA,FROST-DOA,14.453458167123404,8.921220311308945,2,0.0,1,1.0
U9_heavytail_K3#0041,U9_heavytail_K3,3,FROST-DOA,FROST-DOA,0.4742701031721772,0.4643528548409416,3,1.0,0,0.0
U9_heavytail_K3#0042,U9_heavytail_K3,3,FROST-DOA,FROST-DOA,14.579166975611669,9.6634816845172,2,0.0,1,1.0
U9_heavytail_K3#0043,U9_heavytail_K3,3,FROST-DOA,FROST-DOA,14.445717710305198,8.812831539638266,2,0.0,1,1.0
U9_heavytail_K3#0044,U9_heavytail_K3,3,FROST-DOA,FROST-DOA,14.546054342906952,9.612125166864066,2,0.0,1,1.0
U9_heavytail_K3#0045,U9_heavytail_K3,3,FROST-DOA,FROST-DOA,0.3755591016589669,0.3542917794577344,3,1.0,0,0.0
U9_heavytail_K3#0046,U9_heavytail_K3,3,FROST-DOA,FROST-DOA,0.52074366415639,0.4291253891677371,3,1.0,0,0.0
U9_heavytail_K3#0047,U9_heavytail_K3,3,FROST-DOA,FROST-DOA,0.6294023176285564,0.5933599026770899,3,1.0,0,0.0
U9_heavytail_K3#0048,U9_heavytail_K3,3,FROST-DOA,FROST-DOA,0.7565992290219662,0.6535196213504998,3,1.0,0,0.0
U9_heavytail_K3#0049,U9_heavytail_K3,3,FROST-DOA,FROST-DOA,0.5573896536492311,0.5402491840496447,3,1.0,0,0.0
U9_heavytail_K3#0050,U9_heavytail_K3,3,FROST-DOA,FROST-DOA,1.5918121957175604,1.4731438854799723,3,1.0,0,0.0
U9_heavytail_K3#0051,U9_heavytail_K3,3,FROST-DOA,FROST-DOA,14.563293488036395,9.47962207090258,2,0.0,1,1.0
U9_heavytail_K3#0052,U9_heavytail_K3,3,FROST-DOA,FROST-DOA,12.54853502866951,6.896622559158254,4,0.0,1,1.0
U9_heavytail_K3#0053,U9_heavytail_K3,3,FROST-DOA,FROST-DOA,0.6763974777474658,0.4764976865404963,3,1.0,0,0.0
U9_heavytail_K3#0054,U9_heavytail_K3,3,FROST-DOA,FROST-DOA,0.9417802879398668,0.6820626153816415,3,1.0,0,0.0
U9_heavytail_K3#0055,U9_heavytail_K3,3,FROST-DOA,FROST-DOA,0.596169967783849,0.5807417359674124,3,1.0,0,0.0
U9_heavytail_K3#0056,U9_heavytail_K3,3,FROST-DOA,FROST-DOA,12.56529341205937,7.286368320324833,4,0.0,1,1.0
U9_heavytail_K3#0057,U9_heavytail_K3,3,FROST-DOA,FROST-DOA,0.676962884339197,0.6442560838392666,3,1.0,0,0.0
U9_heavytail_K3#0058,U9_heavytail_K3,3,FROST-DOA,FROST-DOA,0.4666637913827089,0.3946751114270169,3,1.0,0,0.0
U9_heavytail_K3#0059,U9_heavytail_K3,3,FROST-DOA,FROST-DOA,13.746322172652734,10.22857132189418,4,0.0,1,1.0
U9_heavytail_K3#0060,U9_heavytail_K3,3,FROST-DOA,FROST-DOA,12.704463278729715,7.900236089282549,4,0.0,1,1.0
U9_heavytail_K3#0061,U9_heavytail_K3,3,FROST-DOA,FROST-DOA,14.448694870090987,8.866228125734285,2,0.0,1,1.0
U9_heavytail_K3#0062,U9_heavytail_K3,3,FROST-DOA,FROST-DOA,1.8044874762838825,1.629256868856609,3,1.0,0,0.0
U9_heavytail_K3#0063,U9_heavytail_K3,3,FROST-DOA,FROST-DOA,0.3320243285719076,0.3198546650434413,3,1.0,0,0.0
U9_heavytail_K3#0064,U9_heavytail_K3,3,FROST-DOA,FROST-DOA,12.961408141556868,9.011551421148338,4,0.0,1,1.0
U9_heavytail_K3#0065,U9_heavytail_K3,3,FROST-DOA,FROST-DOA,12.519102623361045,6.820977100252522,4,0.0,1,1.0
U9_heavytail_K3#0066,U9_heavytail_K3,3,FROST-DOA,FROST-DOA,0.6600752870258743,0.6554604255978976,3,1.0,0,0.0
U9_heavytail_K3#0067,U9_heavytail_K3,3,FROST-DOA,FROST-DOA,0.523904243843008,0.4505847569104333,3,1.0,0,0.0
U9_heavytail_K3#0068,U9_heavytail_K3,3,FROST-DOA,FROST-DOA,18.95238019117465,16.149086163493493,4,0.0,1,1.0
U9_heavytail_K3#0069,U9_heavytail_K3,3,FROST-DOA,FROST-DOA,0.7298122592694357,0.6343552381251261,3,1.0,0,0.0
U9_heavytail_K3#0070,U9_heavytail_K3,3,FROST-DOA,FROST-DOA,0.6932222044190719,0.4797175614838001,3,1.0,0,0.0
U9_heavytail_K3#0071,U9_heavytail_K3,3,FROST-DOA,FROST-DOA,0.823378631648316,0.6389558544864116,3,1.0,0,0.0
U9_heavytail_K3#0072,U9_heavytail_K3,3,FROST-DOA,FROST-DOA,0.4777990883340696,0.3937218605800439,3,1.0,0,0.0
U9_heavytail_K3#0073,U9_heavytail_K3,3,FROST-DOA,FROST-DOA,0.8650686340212227,0.7441494822610389,3,1.0,0,0.0
U9_heavytail_K3#0074,U9_heavytail_K3,3,FROST-DOA,FROST-DOA,4.619318748273253,3.5583806769897914,3,1.0,0,0.0
U9_heavytail_K3#0075,U9_heavytail_K3,3,FROST-DOA,FROST-DOA,0.6661636380660594,0.6017804120535434,3,1.0,0,0.0
U9_heavytail_K3#0076,U9_heavytail_K3,3,FROST-DOA,FROST-DOA,14.629272302094654,10.086421593633531,2,0.0,1,1.0
U9_heavytail_K3#0077,U9_heavytail_K3,3,FROST-DOA,FROST-DOA,0.3184069362247645,0.281741937453108,3,1.0,0,0.0
U9_heavytail_K3#0078,U9_heavytail_K3,3,FROST-DOA,FROST-DOA,14.630218840899383,10.246434386476102,2,0.0,1,1.0
U9_heavytail_K3#0079,U9_heavytail_K3,3,FROST-DOA,FROST-DOA,2.3692262808650044,2.21929564348166,3,1.0,0,0.0
U9_heavytail_K3#0080,U9_heavytail_K3,3,FROST-DOA,FROST-DOA,2.0691337298899093,1.9039810504988128,3,1.0,0,0.0
U9_heavytail_K3#0081,U9_heavytail_K3,3,FROST-DOA,FROST-DOA,2.1064254240854905,1.6664386639179205,3,1.0,0,0.0
U9_heavytail_K3#0082,U9_heavytail_K3,3,FROST-DOA,FROST-DOA,1.005204457289028,0.9230904227426014,3,1.0,0,0.0
U9_heavytail_K3#0083,U9_heavytail_K3,3,FROST-DOA,FROST-DOA,0.7852808782363414,0.6892018360252644,3,1.0,0,0.0
U9_heavytail_K3#0084,U9_heavytail_K3,3,FROST-DOA,FROST-DOA,12.522459765746378,6.83777031897781,4,0.0,1,1.0
U9_heavytail_K3#0085,U9_heavytail_K3,3,FROST-DOA,FROST-DOA,12.527890910410338,6.87145829311994,4,0.0,1,1.0
U9_heavytail_K3#0086,U9_heavytail_K3,3,FROST-DOA,FROST-DOA,0.5988382533489791,0.5044262937462326,3,1.0,0,0.0
U9_heavytail_K3#0087,U9_heavytail_K3,3,FROST-DOA,FROST-DOA,0.2643473081938852,0.2181340553901757,3,1.0,0,0.0
U9_heavytail_K3#0088,U9_heavytail_K3,3,FROST-DOA,FROST-DOA,12.52109902267045,6.753291458530228,4,0.0,1,1.0
U9_heavytail_K3#0089,U9_heavytail_K3,3,FROST-DOA,FROST-DOA,31.549260431803923,27.38129281706412,4,0.0,1,1.0
U9_heavytail_K3#0090,U9_heavytail_K3,3,FROST-DOA,FROST-DOA,14.635031891139825,9.768604093211705,2,0.0,1,1.0
U9_heavytail_K3#0091,U9_heavytail_K3,3,FROST-DOA,FROST-DOA,1.5994474253759112,1.241828760108465,3,1.0,0,0.0
U9_heavytail_K3#0092,U9_heavytail_K3,3,FROST-DOA,FROST-DOA,0.9700810560832528,0.922451070137292,3,1.0,0,0.0
U9_heavytail_K3#0093,U9_heavytail_K3,3,FROST-DOA,FROST-DOA,20.50367607635404,17.782322822983975,1,0.0,2,1.0
U9_heavytail_K3#0094,U9_heavytail_K3,3,FROST-DOA,FROST-DOA,0.874149177086763,0.7423376778358399,3,1.0,0,0.0
U9_heavytail_K3#0095,U9_heavytail_K3,3,FROST-DOA,FROST-DOA,12.506157427244192,6.573335425067555,4,0.0,1,1.0
U9_heavytail_K3#0096,U9_heavytail_K3,3,FROST-DOA,FROST-DOA,0.7721743027154495,0.666791163600422,3,1.0,0,0.0
U9_heavytail_K3#0097,U9_heavytail_K3,3,FROST-DOA,FROST-DOA,1.536587431219712,1.2595346064874535,3,1.0,0,0.0
U9_heavytail_K3#0098,U9_heavytail_K3,3,FROST-DOA,FROST-DOA,12.53591339427816,6.871284183320826,4,0.0,1,1.0
U9_heavytail_K3#0099,U9_heavytail_K3,3,FROST-DOA,FROST-DOA,6.882587638328413,5.19961823242038,3,1.0,0,1.0
U10_hard_mixed_K2#0000,U10_hard_mixed_K2,2,FROST-DOA,FROST-DOA,14.859267558156876,10.777523028649377,2,1.0,0,1.0
U10_hard_mixed_K2#0001,U10_hard_mixed_K2,2,FROST-DOA,FROST-DOA,38.79718771980583,37.7127172433074,3,0.0,1,1.0
U10_hard_mixed_K2#0002,U10_hard_mixed_K2,2,FROST-DOA,FROST-DOA,14.44623130507582,8.82340208108946,3,0.0,1,1.0
U10_hard_mixed_K2#0003,U10_hard_mixed_K2,2,FROST-DOA,FROST-DOA,26.61674003720767,23.17828718444948,3,0.0,1,1.0
U10_hard_mixed_K2#0004,U10_hard_mixed_K2,2,FROST-DOA,FROST-DOA,27.818849923637355,27.68862092281353,1,0.0,1,1.0
U10_hard_mixed_K2#0005,U10_hard_mixed_K2,2,FROST-DOA,FROST-DOA,2.78508155809067,2.060573266606319,2,1.0,0,0.0
U10_hard_mixed_K2#0006,U10_hard_mixed_K2,2,FROST-DOA,FROST-DOA,14.451801060985185,8.914433846383448,3,0.0,1,1.0
U10_hard_mixed_K2#0007,U10_hard_mixed_K2,2,FROST-DOA,FROST-DOA,20.6260623112054,19.34128008159044,4,0.0,2,1.0
U10_hard_mixed_K2#0008,U10_hard_mixed_K2,2,FROST-DOA,FROST-DOA,41.84582785927961,32.07387118963133,2,1.0,0,1.0
U10_hard_mixed_K2#0009,U10_hard_mixed_K2,2,FROST-DOA,FROST-DOA,17.973515419446777,15.684018610221855,3,0.0,1,1.0
U10_hard_mixed_K2#0010,U10_hard_mixed_K2,2,FROST-DOA,FROST-DOA,15.385425268168824,12.62153643879649,3,0.0,1,1.0
U10_hard_mixed_K2#0011,U10_hard_mixed_K2,2,FROST-DOA,FROST-DOA,1.7082536252515366,1.6093666779081277,2,1.0,0,0.0
U10_hard_mixed_K2#0012,U10_hard_mixed_K2,2,FROST-DOA,FROST-DOA,1.0661704781816752,1.058141861409588,2,1.0,0,0.0
U10_hard_mixed_K2#0013,U10_hard_mixed_K2,2,FROST-DOA,FROST-DOA,9.519287022980464,8.358829655138848,2,1.0,0,1.0
U10_hard_mixed_K2#0014,U10_hard_mixed_K2,2,FROST-DOA,FROST-DOA,14.976039851147055,11.29817317230939,3,0.0,1,1.0
U10_hard_mixed_K2#0015,U10_hard_mixed_K2,2,FROST-DOA,FROST-DOA,14.808115606802666,10.749100734152613,3,0.0,1,1.0
U10_hard_mixed_K2#0016,U10_hard_mixed_K2,2,FROST-DOA,FROST-DOA,17.683259443614944,12.745956120920944,4,0.0,2,1.0
U10_hard_mixed_K2#0017,U10_hard_mixed_K2,2,FROST-DOA,FROST-DOA,14.574472176210666,9.80886017274912,3,0.0,1,1.0
U10_hard_mixed_K2#0018,U10_hard_mixed_K2,2,FROST-DOA,FROST-DOA,55.087913660042695,54.07544134999557,2,1.0,0,1.0
U10_hard_mixed_K2#0019,U10_hard_mixed_K2,2,FROST-DOA,FROST-DOA,14.68784281909081,10.168992572879608,3,0.0,1,1.0
U10_hard_mixed_K2#0020,U10_hard_mixed_K2,2,FROST-DOA,FROST-DOA,9.698654327489844,9.022707930375478,2,1.0,0,1.0
U10_hard_mixed_K2#0021,U10_hard_mixed_K2,2,FROST-DOA,FROST-DOA,15.499278881732456,12.349231469698193,3,0.0,1,1.0
U10_hard_mixed_K2#0022,U10_hard_mixed_K2,2,FROST-DOA,FROST-DOA,32.95956335398509,27.778876490025272,2,1.0,0,1.0
U10_hard_mixed_K2#0023,U10_hard_mixed_K2,2,FROST-DOA,FROST-DOA,17.710674509425438,13.26111228991948,4,0.0,2,1.0
U10_hard_mixed_K2#0024,U10_hard_mixed_K2,2,FROST-DOA,FROST-DOA,15.253774239853826,11.262017008694713,3,0.0,1,1.0
U10_hard_mixed_K2#0025,U10_hard_mixed_K2,2,FROST-DOA,FROST-DOA,3.396262425631284,3.346923856064546,2,1.0,0,0.0
U10_hard_mixed_K2#0026,U10_hard_mixed_K2,2,FROST-DOA,FROST-DOA,15.382147465937647,11.996263142205947,3,0.0,1,1.0
U10_hard_mixed_K2#0027,U10_hard_mixed_K2,2,FROST-DOA,FROST-DOA,20.36844119182296,16.814076660460795,2,1.0,0,1.0
U10_hard_mixed_K2#0028,U10_hard_mixed_K2,2,FROST-DOA,FROST-DOA,23.181586590648617,20.32232765202108,2,1.0,0,1.0
U10_hard_mixed_K2#0029,U10_hard_mixed_K2,2,FROST-DOA,FROST-DOA,33.73553371482507,32.88548061780384,3,0.0,1,1.0
U10_hard_mixed_K2#0030,U10_hard_mixed_K2,2,FROST-DOA,FROST-DOA,1.945466911379488,1.6792285773846984,2,1.0,0,0.0
U10_hard_mixed_K2#0031,U10_hard_mixed_K2,2,FROST-DOA,FROST-DOA,42.70417113470428,35.754352323826744,2,1.0,0,1.0
U10_hard_mixed_K2#0032,U10_hard_mixed_K2,2,FROST-DOA,FROST-DOA,6.540226022375951,5.020359014446548,2,1.0,0,1.0
U10_hard_mixed_K2#0033,U10_hard_mixed_K2,2,FROST-DOA,FROST-DOA,8.774845625036585,6.802470359810815,2,1.0,0,1.0
U10_hard_mixed_K2#0034,U10_hard_mixed_K2,2,FROST-DOA,FROST-DOA,52.56592977752432,37.40556216293845,2,1.0,0,1.0
U10_hard_mixed_K2#0035,U10_hard_mixed_K2,2,FROST-DOA,FROST-DOA,14.61413843573419,9.82078271474182,3,0.0,1,1.0
U10_hard_mixed_K2#0036,U10_hard_mixed_K2,2,FROST-DOA,FROST-DOA,29.551171664441448,23.3394301564385,2,1.0,0,1.0
U10_hard_mixed_K2#0037,U10_hard_mixed_K2,2,FROST-DOA,FROST-DOA,25.94607235141698,21.677338743650164,3,0.0,1,1.0
U10_hard_mixed_K2#0038,U10_hard_mixed_K2,2,FROST-DOA,FROST-DOA,15.51514135045899,12.135289179347495,3,0.0,1,1.0
U10_hard_mixed_K2#0039,U10_hard_mixed_K2,2,FROST-DOA,FROST-DOA,11.759646789346808,9.452923263513007,2,1.0,0,1.0
U10_hard_mixed_K2#0040,U10_hard_mixed_K2,2,FROST-DOA,FROST-DOA,17.975171735703057,17.071042268441452,3,0.0,1,1.0
U10_hard_mixed_K2#0041,U10_hard_mixed_K2,2,FROST-DOA,FROST-DOA,33.066582583023944,30.4632643580906,2,1.0,0,1.0
U10_hard_mixed_K2#0042,U10_hard_mixed_K2,2,FROST-DOA,FROST-DOA,0.5425954988603667,0.459545566817475,2,1.0,0,0.0
U10_hard_mixed_K2#0043,U10_hard_mixed_K2,2,FROST-DOA,FROST-DOA,15.28724795934867,12.18368576644333,3,0.0,1,1.0
U10_hard_mixed_K2#0044,U10_hard_mixed_K2,2,FROST-DOA,FROST-DOA,14.57794513740814,9.947353610221144,3,0.0,1,1.0
U10_hard_mixed_K2#0045,U10_hard_mixed_K2,2,FROST-DOA,FROST-DOA,2.5611261590222214,2.5553087207259715,2,1.0,0,0.0
U10_hard_mixed_K2#0046,U10_hard_mixed_K2,2,FROST-DOA,FROST-DOA,22.28746364559576,18.93915301256123,3,0.0,1,1.0
U10_hard_mixed_K2#0047,U10_hard_mixed_K2,2,FROST-DOA,FROST-DOA,7.53541355927167,7.120204307397522,2,1.0,0,1.0
U10_hard_mixed_K2#0048,U10_hard_mixed_K2,2,FROST-DOA,FROST-DOA,41.58105587727283,29.714045226934395,2,1.0,0,1.0
U10_hard_mixed_K2#0049,U10_hard_mixed_K2,2,FROST-DOA,FROST-DOA,18.13121710859465,15.287762446334238,4,0.0,2,1.0
U10_hard_mixed_K2#0050,U10_hard_mixed_K2,2,FROST-DOA,FROST-DOA,14.460047075579046,8.995873123953478,3,0.0,1,1.0
U10_hard_mixed_K2#0051,U10_hard_mixed_K2,2,FROST-DOA,FROST-DOA,1.5455141296077624,1.1866737340342297,2,1.0,0,0.0
U10_hard_mixed_K2#0052,U10_hard_mixed_K2,2,FROST-DOA,FROST-DOA,8.404987761192112,7.900056703563735,2,1.0,0,1.0
U10_hard_mixed_K2#0053,U10_hard_mixed_K2,2,FROST-DOA,FROST-DOA,3.5733264475646083,3.556327508103952,2,1.0,0,0.0
U10_hard_mixed_K2#0054,U10_hard_mixed_K2,2,FROST-DOA,FROST-DOA,35.26765671058679,29.10413489335109,2,1.0,0,1.0
U10_hard_mixed_K2#0055,U10_hard_mixed_K2,2,FROST-DOA,FROST-DOA,31.358302002240144,28.86350468925369,2,1.0,0,1.0
U10_hard_mixed_K2#0056,U10_hard_mixed_K2,2,FROST-DOA,FROST-DOA,15.51480402816507,12.611833925952595,3,0.0,1,1.0
U10_hard_mixed_K2#0057,U10_hard_mixed_K2,2,FROST-DOA,FROST-DOA,1.3797012417020698,1.3684186903528257,2,1.0,0,0.0
U10_hard_mixed_K2#0058,U10_hard_mixed_K2,2,FROST-DOA,FROST-DOA,19.28934332948937,15.013625656377217,2,1.0,0,1.0
U10_hard_mixed_K2#0059,U10_hard_mixed_K2,2,FROST-DOA,FROST-DOA,1.4577922859932686,1.3753781638479516,2,1.0,0,0.0
U10_hard_mixed_K2#0060,U10_hard_mixed_K2,2,FROST-DOA,FROST-DOA,14.777018558681853,10.661675050220753,3,0.0,1,1.0
U10_hard_mixed_K2#0061,U10_hard_mixed_K2,2,FROST-DOA,FROST-DOA,18.02833355894346,14.983006173767944,4,0.0,2,1.0
U10_hard_mixed_K2#0062,U10_hard_mixed_K2,2,FROST-DOA,FROST-DOA,14.680480889271433,10.219973192026233,3,0.0,1,1.0
U10_hard_mixed_K2#0063,U10_hard_mixed_K2,2,FROST-DOA,FROST-DOA,14.563136554601936,9.622933432355138,3,0.0,1,1.0
U10_hard_mixed_K2#0064,U10_hard_mixed_K2,2,FROST-DOA,FROST-DOA,15.085668678248576,11.79511044470388,3,0.0,1,1.0
U10_hard_mixed_K2#0065,U10_hard_mixed_K2,2,FROST-DOA,FROST-DOA,14.79005707773035,10.961358143173252,3,0.0,1,1.0
U10_hard_mixed_K2#0066,U10_hard_mixed_K2,2,FROST-DOA,FROST-DOA,3.6475867970570506,2.883086055939156,2,1.0,0,0.0
U10_hard_mixed_K2#0067,U10_hard_mixed_K2,2,FROST-DOA,FROST-DOA,4.743816121488191,4.605093199024431,2,1.0,0,0.0
U10_hard_mixed_K2#0068,U10_hard_mixed_K2,2,FROST-DOA,FROST-DOA,14.515233691351202,11.795244020375955,2,1.0,0,1.0
U10_hard_mixed_K2#0069,U10_hard_mixed_K2,2,FROST-DOA,FROST-DOA,7.791130382047094,7.535668825375726,2,1.0,0,1.0
U10_hard_mixed_K2#0070,U10_hard_mixed_K2,2,FROST-DOA,FROST-DOA,22.60468751454962,21.275633180149786,2,1.0,0,1.0
U10_hard_mixed_K2#0071,U10_hard_mixed_K2,2,FROST-DOA,FROST-DOA,15.063392486669214,11.466161512402522,3,0.0,1,1.0
U10_hard_mixed_K2#0072,U10_hard_mixed_K2,2,FROST-DOA,FROST-DOA,18.01477185567385,14.657426398863857,3,0.0,1,1.0
U10_hard_mixed_K2#0073,U10_hard_mixed_K2,2,FROST-DOA,FROST-DOA,62.50661436315726,58.764655470101054,2,1.0,0,1.0
U10_hard_mixed_K2#0074,U10_hard_mixed_K2,2,FROST-DOA,FROST-DOA,1.6657414839857092,1.631754792778409,2,1.0,0,0.0
U10_hard_mixed_K2#0075,U10_hard_mixed_K2,2,FROST-DOA,FROST-DOA,13.361402037845522,12.48011287079876,2,1.0,0,1.0
U10_hard_mixed_K2#0076,U10_hard_mixed_K2,2,FROST-DOA,FROST-DOA,17.932074826641784,14.409909921276082,4,0.0,2,1.0
U10_hard_mixed_K2#0077,U10_hard_mixed_K2,2,FROST-DOA,FROST-DOA,1.840086431237928,1.421509180012137,2,1.0,0,0.0
U10_hard_mixed_K2#0078,U10_hard_mixed_K2,2,FROST-DOA,FROST-DOA,2.862243561603073,2.8524738737317072,2,1.0,0,0.0
U10_hard_mixed_K2#0079,U10_hard_mixed_K2,2,FROST-DOA,FROST-DOA,23.0775365119957,22.661308123169693,3,0.0,1,1.0
U10_hard_mixed_K2#0080,U10_hard_mixed_K2,2,FROST-DOA,FROST-DOA,15.345859511166736,12.58756627808769,3,0.0,1,1.0
U10_hard_mixed_K2#0081,U10_hard_mixed_K2,2,FROST-DOA,FROST-DOA,57.63252889248216,48.74022373165975,2,1.0,0,1.0
U10_hard_mixed_K2#0082,U10_hard_mixed_K2,2,FROST-DOA,FROST-DOA,1.3249023464889995,1.1034020843655483,2,1.0,0,0.0
U10_hard_mixed_K2#0083,U10_hard_mixed_K2,2,FROST-DOA,FROST-DOA,14.576687847877109,9.991326582853462,3,0.0,1,1.0
U10_hard_mixed_K2#0084,U10_hard_mixed_K2,2,FROST-DOA,FROST-DOA,14.884376665917385,11.29951746108036,3,0.0,1,1.0
U10_hard_mixed_K2#0085,U10_hard_mixed_K2,2,FROST-DOA,FROST-DOA,1.6035017953901478,1.4603512226678426,2,1.0,0,0.0
U10_hard_mixed_K2#0086,U10_hard_mixed_K2,2,FROST-DOA,FROST-DOA,18.859422331012908,16.304197392835068,3,0.0,1,1.0
U10_hard_mixed_K2#0087,U10_hard_mixed_K2,2,FROST-DOA,FROST-DOA,14.962202196617552,11.2624573511749,3,0.0,1,1.0
U10_hard_mixed_K2#0088,U10_hard_mixed_K2,2,FROST-DOA,FROST-DOA,2.7458683096234835,2.1188385357715447,2,1.0,0,0.0
U10_hard_mixed_K2#0089,U10_hard_mixed_K2,2,FROST-DOA,FROST-DOA,2.087128217878326,1.871616855423639,2,1.0,0,0.0
U10_hard_mixed_K2#0090,U10_hard_mixed_K2,2,FROST-DOA,FROST-DOA,16.004786810475178,13.787142362493933,3,0.0,1,1.0
U10_hard_mixed_K2#0091,U10_hard_mixed_K2,2,FROST-DOA,FROST-DOA,14.4406855193621,8.63676760543631,3,0.0,1,1.0
U10_hard_mixed_K2#0092,U10_hard_mixed_K2,2,FROST-DOA,FROST-DOA,14.563084003430252,9.556795397345573,3,0.0,1,1.0
U10_hard_mixed_K2#0093,U10_hard_mixed_K2,2,FROST-DOA,FROST-DOA,18.62650618830832,15.985114067775813,4,0.0,2,1.0
U10_hard_mixed_K2#0094,U10_hard_mixed_K2,2,FROST-DOA,FROST-DOA,1.4390625591441373,1.3463972895692675,2,1.0,0,0.0
U10_hard_mixed_K2#0095,U10_hard_mixed_K2,2,FROST-DOA,FROST-DOA,21.81739814062432,20.221722823152884,4,0.0,2,1.0
U10_hard_mixed_K2#0096,U10_hard_mixed_K2,2,FROST-DOA,FROST-DOA,69.6403913507406,69.64032690919397,2,1.0,0,1.0
U10_hard_mixed_K2#0097,U10_hard_mixed_K2,2,FROST-DOA,FROST-DOA,2.718101163511568,2.269880553870536,2,1.0,0,0.0
U10_hard_mixed_K2#0098,U10_hard_mixed_K2,2,FROST-DOA,FROST-DOA,33.56223087685486,26.526694951232823,3,0.0,1,1.0
U10_hard_mixed_K2#0099,U10_hard_mixed_K2,2,FROST-DOA,FROST-DOA,19.63128185187057,17.502990383836458,3,0.0,1,1.0
U11_colored_lowSNR_K2#0000,U11_colored_lowSNR_K2,2,FROST-DOA,FROST-DOA,42.756355914400416,30.487322288204105,2,1.0,0,1.0
U11_colored_lowSNR_K2#0001,U11_colored_lowSNR_K2,2,FROST-DOA,FROST-DOA,1.716025982085248,1.6235758937088764,2,1.0,0,0.0
U11_colored_lowSNR_K2#0002,U11_colored_lowSNR_K2,2,FROST-DOA,FROST-DOA,1.858400585219144,1.605112205326133,2,1.0,0,0.0
U11_colored_lowSNR_K2#0003,U11_colored_lowSNR_K2,2,FROST-DOA,FROST-DOA,17.680004008563753,12.703152335490437,1,0.0,1,1.0
U11_colored_lowSNR_K2#0004,U11_colored_lowSNR_K2,2,FROST-DOA,FROST-DOA,10.767918031122512,7.929913343465228,2,1.0,0,1.0
U11_colored_lowSNR_K2#0005,U11_colored_lowSNR_K2,2,FROST-DOA,FROST-DOA,18.01385142867582,14.614462827271977,4,0.0,2,1.0
U11_colored_lowSNR_K2#0006,U11_colored_lowSNR_K2,2,FROST-DOA,FROST-DOA,0.5237699816333822,0.4488422981185991,2,1.0,0,0.0
U11_colored_lowSNR_K2#0007,U11_colored_lowSNR_K2,2,FROST-DOA,FROST-DOA,17.776047301092436,13.787150763635749,4,0.0,2,1.0
U11_colored_lowSNR_K2#0008,U11_colored_lowSNR_K2,2,FROST-DOA,FROST-DOA,33.67122483762815,24.665317010950744,2,1.0,0,1.0
U11_colored_lowSNR_K2#0009,U11_colored_lowSNR_K2,2,FROST-DOA,FROST-DOA,17.78316706424691,13.83395574161552,4,0.0,2,1.0
U11_colored_lowSNR_K2#0010,U11_colored_lowSNR_K2,2,FROST-DOA,FROST-DOA,14.5774567416162,9.525418060687173,3,0.0,1,1.0
U11_colored_lowSNR_K2#0011,U11_colored_lowSNR_K2,2,FROST-DOA,FROST-DOA,17.681125179002358,12.747171595810656,1,0.0,1,1.0
U11_colored_lowSNR_K2#0012,U11_colored_lowSNR_K2,2,FROST-DOA,FROST-DOA,43.78376586133199,31.32157026225161,2,1.0,0,1.0
U11_colored_lowSNR_K2#0013,U11_colored_lowSNR_K2,2,FROST-DOA,FROST-DOA,30.34982576032224,22.56575652568601,2,1.0,0,1.0
U11_colored_lowSNR_K2#0014,U11_colored_lowSNR_K2,2,FROST-DOA,FROST-DOA,40.41632097112472,29.01117893658207,2,1.0,0,1.0
U11_colored_lowSNR_K2#0015,U11_colored_lowSNR_K2,2,FROST-DOA,FROST-DOA,4.099632286943016,3.761937281635774,2,1.0,0,0.0
U11_colored_lowSNR_K2#0016,U11_colored_lowSNR_K2,2,FROST-DOA,FROST-DOA,63.90383920924822,45.19407431200624,2,1.0,0,1.0
U11_colored_lowSNR_K2#0017,U11_colored_lowSNR_K2,2,FROST-DOA,FROST-DOA,17.721249491966176,13.378260655076698,1,0.0,1,1.0
U11_colored_lowSNR_K2#0018,U11_colored_lowSNR_K2,2,FROST-DOA,FROST-DOA,3.79818100643475,3.7689991463902857,2,1.0,0,0.0
U11_colored_lowSNR_K2#0019,U11_colored_lowSNR_K2,2,FROST-DOA,FROST-DOA,23.879630244413946,17.472696635254444,2,1.0,0,1.0
U11_colored_lowSNR_K2#0020,U11_colored_lowSNR_K2,2,FROST-DOA,FROST-DOA,17.78391986403854,13.72608590435713,4,0.0,2,1.0
U11_colored_lowSNR_K2#0021,U11_colored_lowSNR_K2,2,FROST-DOA,FROST-DOA,18.163913427351986,14.73149814815008,4,0.0,2,1.0
U11_colored_lowSNR_K2#0022,U11_colored_lowSNR_K2,2,FROST-DOA,FROST-DOA,9.98584291370209,9.457524135582297,2,1.0,0,1.0
U11_colored_lowSNR_K2#0023,U11_colored_lowSNR_K2,2,FROST-DOA,FROST-DOA,5.750132224728244,5.750106277611003,2,1.0,0,1.0
U11_colored_lowSNR_K2#0024,U11_colored_lowSNR_K2,2,FROST-DOA,FROST-DOA,14.477880010716753,9.103327233326198,3,0.0,1,1.0
U11_colored_lowSNR_K2#0025,U11_colored_lowSNR_K2,2,FROST-DOA,FROST-DOA,17.732454935062293,13.48487512508315,1,0.0,1,1.0
U11_colored_lowSNR_K2#0026,U11_colored_lowSNR_K2,2,FROST-DOA,FROST-DOA,8.24716352245791,7.973640698059887,2,1.0,0,1.0
U11_colored_lowSNR_K2#0027,U11_colored_lowSNR_K2,2,FROST-DOA,FROST-DOA,5.177493278008525,4.564012293234391,2,1.0,0,1.0
U11_colored_lowSNR_K2#0028,U11_colored_lowSNR_K2,2,FROST-DOA,FROST-DOA,26.8617594867172,26.80129579307836,1,0.0,1,1.0
U11_colored_lowSNR_K2#0029,U11_colored_lowSNR_K2,2,FROST-DOA,FROST-DOA,6.145481266653008,5.350771103109565,2,1.0,0,1.0
U11_colored_lowSNR_K2#0030,U11_colored_lowSNR_K2,2,FROST-DOA,FROST-DOA,29.25546885572091,21.07152833470763,2,1.0,0,1.0
U11_colored_lowSNR_K2#0031,U11_colored_lowSNR_K2,2,FROST-DOA,FROST-DOA,33.338443743545085,32.4868935960734,1,0.0,1,1.0
U11_colored_lowSNR_K2#0032,U11_colored_lowSNR_K2,2,FROST-DOA,FROST-DOA,26.09018721093476,18.75886323262324,2,1.0,0,1.0
U11_colored_lowSNR_K2#0033,U11_colored_lowSNR_K2,2,FROST-DOA,FROST-DOA,4.535230753373916,3.7462039284795807,2,1.0,0,0.0
U11_colored_lowSNR_K2#0034,U11_colored_lowSNR_K2,2,FROST-DOA,FROST-DOA,2.1854571082155645,2.0538507583805057,2,1.0,0,0.0
U11_colored_lowSNR_K2#0035,U11_colored_lowSNR_K2,2,FROST-DOA,FROST-DOA,10.227191805306422,8.324118448247821,2,1.0,0,1.0
U11_colored_lowSNR_K2#0036,U11_colored_lowSNR_K2,2,FROST-DOA,FROST-DOA,36.18179736321376,27.693511831849964,3,0.0,1,1.0
U11_colored_lowSNR_K2#0037,U11_colored_lowSNR_K2,2,FROST-DOA,FROST-DOA,0.4577998188623564,0.441204446592895,2,1.0,0,0.0
U11_colored_lowSNR_K2#0038,U11_colored_lowSNR_K2,2,FROST-DOA,FROST-DOA,13.96085973465416,12.410575975647172,2,1.0,0,1.0
U11_colored_lowSNR_K2#0039,U11_colored_lowSNR_K2,2,FROST-DOA,FROST-DOA,17.840408538103812,14.14296559716078,4,0.0,2,1.0
U11_colored_lowSNR_K2#0040,U11_colored_lowSNR_K2,2,FROST-DOA,FROST-DOA,4.41875185074184,3.908137763148144,2,1.0,0,0.0
U11_colored_lowSNR_K2#0041,U11_colored_lowSNR_K2,2,FROST-DOA,FROST-DOA,17.735994350073774,13.423145143505652,4,0.0,2,1.0
U11_colored_lowSNR_K2#0042,U11_colored_lowSNR_K2,2,FROST-DOA,FROST-DOA,2.509666758116275,2.277640888796391,2,1.0,0,0.0
U11_colored_lowSNR_K2#0043,U11_colored_lowSNR_K2,2,FROST-DOA,FROST-DOA,2.755694486919845,2.5119354828330245,2,1.0,0,0.0
U11_colored_lowSNR_K2#0044,U11_colored_lowSNR_K2,2,FROST-DOA,FROST-DOA,4.7436108391620335,3.396661573875768,2,1.0,0,0.0
U11_colored_lowSNR_K2#0045,U11_colored_lowSNR_K2,2,FROST-DOA,FROST-DOA,38.19745735360348,27.77936229994395,2,1.0,0,1.0
U11_colored_lowSNR_K2#0046,U11_colored_lowSNR_K2,2,FROST-DOA,FROST-DOA,31.85289266614042,24.155038647131324,2,1.0,0,1.0
U11_colored_lowSNR_K2#0047,U11_colored_lowSNR_K2,2,FROST-DOA,FROST-DOA,1.9654730598748973,1.9466116911369475,2,1.0,0,0.0
U11_colored_lowSNR_K2#0048,U11_colored_lowSNR_K2,2,FROST-DOA,FROST-DOA,27.65455632166226,20.503965151102747,2,1.0,0,1.0
U11_colored_lowSNR_K2#0049,U11_colored_lowSNR_K2,2,FROST-DOA,FROST-DOA,17.68115643109945,12.719286361679387,4,0.0,2,1.0
U11_colored_lowSNR_K2#0050,U11_colored_lowSNR_K2,2,FROST-DOA,FROST-DOA,17.822368279853304,13.901794327622092,2,1.0,0,1.0
U11_colored_lowSNR_K2#0051,U11_colored_lowSNR_K2,2,FROST-DOA,FROST-DOA,14.62779945050664,10.113955586894043,3,0.0,1,1.0
U11_colored_lowSNR_K2#0052,U11_colored_lowSNR_K2,2,FROST-DOA,FROST-DOA,17.756555979413864,13.45358274935424,4,0.0,2,1.0
U11_colored_lowSNR_K2#0053,U11_colored_lowSNR_K2,2,FROST-DOA,FROST-DOA,26.236495251178507,21.12905902342946,2,1.0,0,1.0
U11_colored_lowSNR_K2#0054,U11_colored_lowSNR_K2,2,FROST-DOA,FROST-DOA,22.629731600397506,17.302516148544257,2,1.0,0,1.0
U11_colored_lowSNR_K2#0055,U11_colored_lowSNR_K2,2,FROST-DOA,FROST-DOA,17.79576245002664,13.947266592196849,1,0.0,1,1.0
U11_colored_lowSNR_K2#0056,U11_colored_lowSNR_K2,2,FROST-DOA,FROST-DOA,14.448271545472869,8.775064962056433,3,0.0,1,1.0
U11_colored_lowSNR_K2#0057,U11_colored_lowSNR_K2,2,FROST-DOA,FROST-DOA,9.284288029328687,7.4384079019863485,2,1.0,0,1.0
U11_colored_lowSNR_K2#0058,U11_colored_lowSNR_K2,2,FROST-DOA,FROST-DOA,17.82873201691861,14.13763325123465,1,0.0,1,1.0
U11_colored_lowSNR_K2#0059,U11_colored_lowSNR_K2,2,FROST-DOA,FROST-DOA,20.706835266250334,16.539661280504898,2,1.0,0,1.0
U11_colored_lowSNR_K2#0060,U11_colored_lowSNR_K2,2,FROST-DOA,FROST-DOA,7.133578164457055,6.538793713698944,2,1.0,0,1.0
U11_colored_lowSNR_K2#0061,U11_colored_lowSNR_K2,2,FROST-DOA,FROST-DOA,4.07846325736646,4.0434180955925,2,1.0,0,0.0
U11_colored_lowSNR_K2#0062,U11_colored_lowSNR_K2,2,FROST-DOA,FROST-DOA,27.1957071067975,23.88829215667192,2,1.0,0,1.0
U11_colored_lowSNR_K2#0063,U11_colored_lowSNR_K2,2,FROST-DOA,FROST-DOA,20.87913185363573,17.647072773321106,2,1.0,0,1.0
U11_colored_lowSNR_K2#0064,U11_colored_lowSNR_K2,2,FROST-DOA,FROST-DOA,18.06840583537216,15.07219474213916,4,0.0,2,1.0
U11_colored_lowSNR_K2#0065,U11_colored_lowSNR_K2,2,FROST-DOA,FROST-DOA,24.52679603398556,18.506692480996293,2,1.0,0,1.0
U11_colored_lowSNR_K2#0066,U11_colored_lowSNR_K2,2,FROST-DOA,FROST-DOA,30.503216251269315,22.080848807397373,2,1.0,0,1.0
U11_colored_lowSNR_K2#0067,U11_colored_lowSNR_K2,2,FROST-DOA,FROST-DOA,5.631631887546835,4.256067354944912,2,1.0,0,1.0
U11_colored_lowSNR_K2#0068,U11_colored_lowSNR_K2,2,FROST-DOA,FROST-DOA,20.27587969715677,19.521798113502484,1,0.0,1,1.0
U11_colored_lowSNR_K2#0069,U11_colored_lowSNR_K2,2,FROST-DOA,FROST-DOA,8.470023871413462,8.154145895440209,2,1.0,0,1.0
U11_colored_lowSNR_K2#0070,U11_colored_lowSNR_K2,2,FROST-DOA,FROST-DOA,22.547127825633822,20.06653454908188,4,0.0,2,1.0
U11_colored_lowSNR_K2#0071,U11_colored_lowSNR_K2,2,FROST-DOA,FROST-DOA,1.9887987187062768,1.9805082110943504,2,1.0,0,0.0
U11_colored_lowSNR_K2#0072,U11_colored_lowSNR_K2,2,FROST-DOA,FROST-DOA,23.597332779658576,22.761316566384235,3,0.0,1,1.0
U11_colored_lowSNR_K2#0073,U11_colored_lowSNR_K2,2,FROST-DOA,FROST-DOA,1.804530880162144,1.7336168513690282,2,1.0,0,0.0
U11_colored_lowSNR_K2#0074,U11_colored_lowSNR_K2,2,FROST-DOA,FROST-DOA,5.284851861770635,4.840120287224945,2,1.0,0,1.0
U11_colored_lowSNR_K2#0075,U11_colored_lowSNR_K2,2,FROST-DOA,FROST-DOA,17.749155352219773,13.62528123534338,1,0.0,1,1.0
U11_colored_lowSNR_K2#0076,U11_colored_lowSNR_K2,2,FROST-DOA,FROST-DOA,4.73710630656728,4.242548331400105,2,1.0,0,0.0
U11_colored_lowSNR_K2#0077,U11_colored_lowSNR_K2,2,FROST-DOA,FROST-DOA,0.7596276993300531,0.7523893391312129,2,1.0,0,0.0
U11_colored_lowSNR_K2#0078,U11_colored_lowSNR_K2,2,FROST-DOA,FROST-DOA,16.624109622688174,13.459145583762172,2,1.0,0,1.0
U11_colored_lowSNR_K2#0079,U11_colored_lowSNR_K2,2,FROST-DOA,FROST-DOA,17.68040199258403,12.719789239237748,1,0.0,1,1.0
U11_colored_lowSNR_K2#0080,U11_colored_lowSNR_K2,2,FROST-DOA,FROST-DOA,1.778093546610896,1.3059553434305542,2,1.0,0,0.0
U11_colored_lowSNR_K2#0081,U11_colored_lowSNR_K2,2,FROST-DOA,FROST-DOA,17.678505160953133,12.621541609843131,1,0.0,1,1.0
U11_colored_lowSNR_K2#0082,U11_colored_lowSNR_K2,2,FROST-DOA,FROST-DOA,18.059147998465463,15.11082615569088,1,0.0,1,1.0
U11_colored_lowSNR_K2#0083,U11_colored_lowSNR_K2,2,FROST-DOA,FROST-DOA,2.057873166475896,1.7825306131314136,2,1.0,0,0.0
U11_colored_lowSNR_K2#0084,U11_colored_lowSNR_K2,2,FROST-DOA,FROST-DOA,0.7610751492997462,0.6646396669400971,2,1.0,0,0.0
U11_colored_lowSNR_K2#0085,U11_colored_lowSNR_K2,2,FROST-DOA,FROST-DOA,12.678534161931724,10.774882848494528,2,1.0,0,1.0
U11_colored_lowSNR_K2#0086,U11_colored_lowSNR_K2,2,FROST-DOA,FROST-DOA,46.29711202902198,33.293458588248896,2,1.0,0,1.0
U11_colored_lowSNR_K2#0087,U11_colored_lowSNR_K2,2,FROST-DOA,FROST-DOA,17.68255061229729,12.74323886534356,4,0.0,2,1.0
U11_colored_lowSNR_K2#0088,U11_colored_lowSNR_K2,2,FROST-DOA,FROST-DOA,17.710385181705085,13.260836146735612,1,0.0,1,1.0
U11_colored_lowSNR_K2#0089,U11_colored_lowSNR_K2,2,FROST-DOA,FROST-DOA,61.699124146067874,45.48154151368624,2,1.0,0,1.0
U11_colored_lowSNR_K2#0090,U11_colored_lowSNR_K2,2,FROST-DOA,FROST-DOA,26.79380904190481,19.229138885186345,2,1.0,0,1.0
U11_colored_lowSNR_K2#0091,U11_colored_lowSNR_K2,2,FROST-DOA,FROST-DOA,15.948162456401247,12.267515612065658,2,1.0,0,1.0
U11_colored_lowSNR_K2#0092,U11_colored_lowSNR_K2,2,FROST-DOA,FROST-DOA,13.435418947224663,9.740914768934156,2,1.0,0,1.0
U11_colored_lowSNR_K2#0093,U11_colored_lowSNR_K2,2,FROST-DOA,FROST-DOA,31.96394090629666,25.926339653679527,2,1.0,0,1.0
U11_colored_lowSNR_K2#0094,U11_colored_lowSNR_K2,2,FROST-DOA,FROST-DOA,17.690833139943724,12.982481701897107,1,0.0,1,1.0
U11_colored_lowSNR_K2#0095,U11_colored_lowSNR_K2,2,FROST-DOA,FROST-DOA,18.03430702472797,14.639778450637904,4,0.0,2,1.0
U11_colored_lowSNR_K2#0096,U11_colored_lowSNR_K2,2,FROST-DOA,FROST-DOA,12.65366420754812,8.980529802621504,2,1.0,0,1.0
U11_colored_lowSNR_K2#0097,U11_colored_lowSNR_K2,2,FROST-DOA,FROST-DOA,16.87293360789211,13.274048797291885,2,1.0,0,1.0
U11_colored_lowSNR_K2#0098,U11_colored_lowSNR_K2,2,FROST-DOA,FROST-DOA,21.47265959853304,17.530426013661007,3,0.0,1,1.0
U11_colored_lowSNR_K2#0099,U11_colored_lowSNR_K2,2,FROST-DOA,FROST-DOA,17.354646342498242,14.330464770599855,2,1.0,0,1.0
U12_close_K2#0000,U12_close_K2,2,FROST-DOA,FROST-DOA,1.3799743641572135,1.062886024276903,2,1.0,0,0.0
U12_close_K2#0001,U12_close_K2,2,FROST-DOA,FROST-DOA,0.3343703306485576,0.2625333247346439,2,1.0,0,0.0
U12_close_K2#0002,U12_close_K2,2,FROST-DOA,FROST-DOA,0.2072743417001916,0.1504777409917137,2,1.0,0,0.0
U12_close_K2#0003,U12_close_K2,2,FROST-DOA,FROST-DOA,0.8907192396141088,0.8906512500526977,2,1.0,0,0.0
U12_close_K2#0004,U12_close_K2,2,FROST-DOA,FROST-DOA,6.547479597957176,5.32906422785981,2,1.0,0,1.0
U12_close_K2#0005,U12_close_K2,2,FROST-DOA,FROST-DOA,0.076099350761425,0.0760133839260976,2,1.0,0,0.0
U12_close_K2#0006,U12_close_K2,2,FROST-DOA,FROST-DOA,0.8833098341798796,0.7911185590049818,2,1.0,0,0.0
U12_close_K2#0007,U12_close_K2,2,FROST-DOA,FROST-DOA,0.2076002530277192,0.1741499194884816,2,1.0,0,0.0
U12_close_K2#0008,U12_close_K2,2,FROST-DOA,FROST-DOA,0.8101180543593567,0.7419355759071475,2,1.0,0,0.0
U12_close_K2#0009,U12_close_K2,2,FROST-DOA,FROST-DOA,0.7820395779420192,0.7576851204623498,2,1.0,0,0.0
U12_close_K2#0010,U12_close_K2,2,FROST-DOA,FROST-DOA,0.0833074708140302,0.0683672628549061,2,1.0,0,0.0
U12_close_K2#0011,U12_close_K2,2,FROST-DOA,FROST-DOA,0.4037369905619645,0.3982191028645019,2,1.0,0,0.0
U12_close_K2#0012,U12_close_K2,2,FROST-DOA,FROST-DOA,1.5149090726890515,1.2245815352257114,2,1.0,0,0.0
U12_close_K2#0013,U12_close_K2,2,FROST-DOA,FROST-DOA,0.5115959927029702,0.4788689170233464,2,1.0,0,0.0
U12_close_K2#0014,U12_close_K2,2,FROST-DOA,FROST-DOA,0.219709978174103,0.1844263917899864,2,1.0,0,0.0
U12_close_K2#0015,U12_close_K2,2,FROST-DOA,FROST-DOA,0.1508259401741797,0.1358649550485244,2,1.0,0,0.0
U12_close_K2#0016,U12_close_K2,2,FROST-DOA,FROST-DOA,0.3980848847263266,0.3866205439226924,2,1.0,0,0.0
U12_close_K2#0017,U12_close_K2,2,FROST-DOA,FROST-DOA,0.6993162850638449,0.6890871082061469,2,1.0,0,0.0
U12_close_K2#0018,U12_close_K2,2,FROST-DOA,FROST-DOA,0.3751527999060814,0.364401167427399,2,1.0,0,0.0
U12_close_K2#0019,U12_close_K2,2,FROST-DOA,FROST-DOA,0.7606384982534315,0.7396246193932376,2,1.0,0,0.0
U12_close_K2#0020,U12_close_K2,2,FROST-DOA,FROST-DOA,0.4870445576034747,0.4870188288909762,2,1.0,0,0.0
U12_close_K2#0021,U12_close_K2,2,FROST-DOA,FROST-DOA,0.7563428232391404,0.5806072847219603,2,1.0,0,0.0
U12_close_K2#0022,U12_close_K2,2,FROST-DOA,FROST-DOA,0.5000875402475046,0.445321729208544,2,1.0,0,0.0
U12_close_K2#0023,U12_close_K2,2,FROST-DOA,FROST-DOA,0.9416785530451136,0.6985930473100931,2,1.0,0,0.0
U12_close_K2#0024,U12_close_K2,2,FROST-DOA,FROST-DOA,0.8675844143924428,0.8674414449614751,2,1.0,0,0.0
U12_close_K2#0025,U12_close_K2,2,FROST-DOA,FROST-DOA,0.1122380852821521,0.1089689368534356,2,1.0,0,0.0
U12_close_K2#0026,U12_close_K2,2,FROST-DOA,FROST-DOA,17.774510863064055,13.8101977753725,1,0.0,1,1.0
U12_close_K2#0027,U12_close_K2,2,FROST-DOA,FROST-DOA,0.3443807820847726,0.2732524995664853,2,1.0,0,0.0
U12_close_K2#0028,U12_close_K2,2,FROST-DOA,FROST-DOA,17.69547298675281,13.061143575610789,1,0.0,1,1.0
U12_close_K2#0029,U12_close_K2,2,FROST-DOA,FROST-DOA,17.769511638215253,13.775841655666422,1,0.0,1,1.0
U12_close_K2#0030,U12_close_K2,2,FROST-DOA,FROST-DOA,0.2221989871116637,0.2076484507564764,2,1.0,0,0.0
U12_close_K2#0031,U12_close_K2,2,FROST-DOA,FROST-DOA,0.1686216913583948,0.1646409301617026,2,1.0,0,0.0
U12_close_K2#0032,U12_close_K2,2,FROST-DOA,FROST-DOA,0.7902060834728224,0.622623700837396,2,1.0,0,0.0
U12_close_K2#0033,U12_close_K2,2,FROST-DOA,FROST-DOA,0.5122261963773329,0.4700848843103262,2,1.0,0,0.0
U12_close_K2#0034,U12_close_K2,2,FROST-DOA,FROST-DOA,0.5163631917800376,0.4952155149941681,2,1.0,0,0.0
U12_close_K2#0035,U12_close_K2,2,FROST-DOA,FROST-DOA,0.3526911553211596,0.325316722158659,2,1.0,0,0.0
U12_close_K2#0036,U12_close_K2,2,FROST-DOA,FROST-DOA,0.7332487091615423,0.578662352021718,2,1.0,0,0.0
U12_close_K2#0037,U12_close_K2,2,FROST-DOA,FROST-DOA,0.2096470221482917,0.2087991747089912,2,1.0,0,0.0
U12_close_K2#0038,U12_close_K2,2,FROST-DOA,FROST-DOA,0.4108560123430963,0.4099423852789705,2,1.0,0,0.0
U12_close_K2#0039,U12_close_K2,2,FROST-DOA,FROST-DOA,0.5772604305162943,0.5378541313970815,2,1.0,0,0.0
U12_close_K2#0040,U12_close_K2,2,FROST-DOA,FROST-DOA,1.0093970838705508,0.7348476197398988,2,1.0,0,0.0
U12_close_K2#0041,U12_close_K2,2,FROST-DOA,FROST-DOA,0.6743015077055052,0.6626051084678206,2,1.0,0,0.0
U12_close_K2#0042,U12_close_K2,2,FROST-DOA,FROST-DOA,0.2115511970435113,0.1912685117755863,2,1.0,0,0.0
U12_close_K2#0043,U12_close_K2,2,FROST-DOA,FROST-DOA,0.6208515948691895,0.5223543816585536,2,1.0,0,0.0
U12_close_K2#0044,U12_close_K2,2,FROST-DOA,FROST-DOA,0.9934977656715752,0.7067874800830811,2,1.0,0,0.0
U12_close_K2#0045,U12_close_K2,2,FROST-DOA,FROST-DOA,0.3577663620023658,0.3343989658538291,2,1.0,0,0.0
U12_close_K2#0046,U12_close_K2,2,FROST-DOA,FROST-DOA,0.2661007903247337,0.2464624385406306,2,1.0,0,0.0
U12_close_K2#0047,U12_close_K2,2,FROST-DOA,FROST-DOA,1.9474857450130032,1.546301643861856,2,1.0,0,0.0
U12_close_K2#0048,U12_close_K2,2,FROST-DOA,FROST-DOA,0.2734809942037299,0.2599973615926847,2,1.0,0,0.0
U12_close_K2#0049,U12_close_K2,2,FROST-DOA,FROST-DOA,0.3266543833091056,0.2439974224300889,2,1.0,0,0.0
U12_close_K2#0050,U12_close_K2,2,FROST-DOA,FROST-DOA,0.8211573866757533,0.7978501335858859,2,1.0,0,0.0
U12_close_K2#0051,U12_close_K2,2,FROST-DOA,FROST-DOA,0.3711772840313113,0.2890427773013018,2,1.0,0,0.0
U12_close_K2#0052,U12_close_K2,2,FROST-DOA,FROST-DOA,0.879411540930172,0.748611233512898,2,1.0,0,0.0
U12_close_K2#0053,U12_close_K2,2,FROST-DOA,FROST-DOA,0.3607399854812578,0.3470637227737114,2,1.0,0,0.0
U12_close_K2#0054,U12_close_K2,2,FROST-DOA,FROST-DOA,0.9585295093363184,0.8541029920575607,2,1.0,0,0.0
U12_close_K2#0055,U12_close_K2,2,FROST-DOA,FROST-DOA,17.708986576711006,13.24438080782976,1,0.0,1,1.0
U12_close_K2#0056,U12_close_K2,2,FROST-DOA,FROST-DOA,0.5735828794858604,0.5622223268788025,2,1.0,0,0.0
U12_close_K2#0057,U12_close_K2,2,FROST-DOA,FROST-DOA,0.2189224272990209,0.1956025409659094,2,1.0,0,0.0
U12_close_K2#0058,U12_close_K2,2,FROST-DOA,FROST-DOA,0.5566791372445925,0.5553442689316217,2,1.0,0,0.0
U12_close_K2#0059,U12_close_K2,2,FROST-DOA,FROST-DOA,17.830582791086236,14.147677557925183,1,0.0,1,1.0
U12_close_K2#0060,U12_close_K2,2,FROST-DOA,FROST-DOA,0.5520908765346808,0.4254219310893012,2,1.0,0,0.0
U12_close_K2#0061,U12_close_K2,2,FROST-DOA,FROST-DOA,0.3212887178778654,0.3211106107323633,2,1.0,0,0.0
U12_close_K2#0062,U12_close_K2,2,FROST-DOA,FROST-DOA,0.2121003877262582,0.2119552216080578,2,1.0,0,0.0
U12_close_K2#0063,U12_close_K2,2,FROST-DOA,FROST-DOA,0.5981026286299926,0.5978156673953663,2,1.0,0,0.0
U12_close_K2#0064,U12_close_K2,2,FROST-DOA,FROST-DOA,0.3356071095042428,0.2552602883103105,2,1.0,0,0.0
U12_close_K2#0065,U12_close_K2,2,FROST-DOA,FROST-DOA,0.4968081409781251,0.4173511986473563,2,1.0,0,0.0
U12_close_K2#0066,U12_close_K2,2,FROST-DOA,FROST-DOA,0.4864611228779086,0.4862063065478779,2,1.0,0,0.0
U12_close_K2#0067,U12_close_K2,2,FROST-DOA,FROST-DOA,0.178488358826935,0.1474608060836688,2,1.0,0,0.0
U12_close_K2#0068,U12_close_K2,2,FROST-DOA,FROST-DOA,17.831775773589975,14.15412019508716,1,0.0,1,1.0
U12_close_K2#0069,U12_close_K2,2,FROST-DOA,FROST-DOA,0.1985327921573264,0.1595818218286426,2,1.0,0,0.0
U12_close_K2#0070,U12_close_K2,2,FROST-DOA,FROST-DOA,0.2425419721360088,0.2378642340683665,2,1.0,0,0.0
U12_close_K2#0071,U12_close_K2,2,FROST-DOA,FROST-DOA,0.4578922034879558,0.4084995705197034,2,1.0,0,0.0
U12_close_K2#0072,U12_close_K2,2,FROST-DOA,FROST-DOA,0.5341061198871033,0.51938998967902,2,1.0,0,0.0
U12_close_K2#0073,U12_close_K2,2,FROST-DOA,FROST-DOA,0.5333395617047729,0.5332665757513801,2,1.0,0,0.0
U12_close_K2#0074,U12_close_K2,2,FROST-DOA,FROST-DOA,0.1628815654343581,0.1536708483025073,2,1.0,0,0.0
U12_close_K2#0075,U12_close_K2,2,FROST-DOA,FROST-DOA,0.8609804473509632,0.7018262764956518,2,1.0,0,0.0
U12_close_K2#0076,U12_close_K2,2,FROST-DOA,FROST-DOA,0.6365399303421556,0.6179830571835616,2,1.0,0,0.0
U12_close_K2#0077,U12_close_K2,2,FROST-DOA,FROST-DOA,0.8291297490975172,0.8125599123793705,2,1.0,0,0.0
U12_close_K2#0078,U12_close_K2,2,FROST-DOA,FROST-DOA,0.8184331853959219,0.7399685669608633,2,1.0,0,0.0
U12_close_K2#0079,U12_close_K2,2,FROST-DOA,FROST-DOA,1.948201817609822,1.633812594601638,2,1.0,0,0.0
U12_close_K2#0080,U12_close_K2,2,FROST-DOA,FROST-DOA,0.2395123166120972,0.2226060773951452,2,1.0,0,0.0
U12_close_K2#0081,U12_close_K2,2,FROST-DOA,FROST-DOA,0.2554276563848292,0.2200011702544264,2,1.0,0,0.0
U12_close_K2#0082,U12_close_K2,2,FROST-DOA,FROST-DOA,0.5543576032157653,0.539288725740203,2,1.0,0,0.0
U12_close_K2#0083,U12_close_K2,2,FROST-DOA,FROST-DOA,0.4519642560858422,0.430770786122431,2,1.0,0,0.0
U12_close_K2#0084,U12_close_K2,2,FROST-DOA,FROST-DOA,0.4031427975448884,0.3642605493836015,2,1.0,0,0.0
U12_close_K2#0085,U12_close_K2,2,FROST-DOA,FROST-DOA,0.3848213023796631,0.3654184877904924,2,1.0,0,0.0
U12_close_K2#0086,U12_close_K2,2,FROST-DOA,FROST-DOA,0.9632184009922644,0.8795670908647502,2,1.0,0,0.0
U12_close_K2#0087,U12_close_K2,2,FROST-DOA,FROST-DOA,0.3915732905211169,0.3481549846072346,2,1.0,0,0.0
U12_close_K2#0088,U12_close_K2,2,FROST-DOA,FROST-DOA,0.7215452945679788,0.7118286765228028,2,1.0,0,0.0
U12_close_K2#0089,U12_close_K2,2,FROST-DOA,FROST-DOA,0.4537336458333119,0.4294172886605736,2,1.0,0,0.0
U12_close_K2#0090,U12_close_K2,2,FROST-DOA,FROST-DOA,0.5935424636345107,0.5395099738662985,2,1.0,0,0.0
U12_close_K2#0091,U12_close_K2,2,FROST-DOA,FROST-DOA,0.3326122251193663,0.2756480720572156,2,1.0,0,0.0
U12_close_K2#0092,U12_close_K2,2,FROST-DOA,FROST-DOA,1.231286253792046,1.1945114371516716,2,1.0,0,0.0
U12_close_K2#0093,U12_close_K2,2,FROST-DOA,FROST-DOA,17.830736487129847,14.148508973809928,1,0.0,1,1.0
U12_close_K2#0094,U12_close_K2,2,FROST-DOA,FROST-DOA,17.891060170152386,14.448080338694108,1,0.0,1,1.0
U12_close_K2#0095,U12_close_K2,2,FROST-DOA,FROST-DOA,1.8527500552495213,1.765571546959304,2,1.0,0,0.0
U12_close_K2#0096,U12_close_K2,2,FROST-DOA,FROST-DOA,0.6731493883459009,0.6718919621021344,2,1.0,0,0.0
U12_close_K2#0097,U12_close_K2,2,FROST-DOA,FROST-DOA,0.2511654909660876,0.2482564161899141,2,1.0,0,0.0
U12_close_K2#0098,U12_close_K2,2,FROST-DOA,FROST-DOA,1.3925493707312049,1.321146315600373,2,1.0,0,0.0
U12_close_K2#0099,U12_close_K2,2,FROST-DOA,FROST-DOA,0.5371461956187479,0.5035264246947371,2,1.0,0,0.0
